"Data","ALPA4","ABEV3","BBDC3","BBDC4","BBAS3","BRKM5","CMIG4","CPLE6","ELET3","ELET6","EMBR3","EGIE3","GGBR4","GOAU4","ITSA4","ITUB4","LIGT3","PETR3","PETR4","SBSP3","CSNA3","VIVT3","TIMS3","USIM5","VALE3","IBOV"
2000-01-01,-6.3551237016,6.1293904095,-2.0786792138,3.2005468564,-5.9523821403,2.0066930636,-23.95061792,-17.714287478,-17.047655833,-13.722832524,-7.8888893127,10.382513661,4.1666673134,0,-8.5005414917,-18.670323668,20.628141599,-14.991126437,-11.304351093,-5.7048544343,-16.428572721,33.243478551,-6.1083198601,7.1428550576,14.285714285,-4.1132759932
2000-02-01,2.4271821483,-9.0886382031,-10.708151812,-12.924411081,-5.6961990249,2.2202239501,-5.4870139766,12.50000485,-4.3925235163,-7.1736047212,1.7454426135,-1.98019802,-1.6000047088,-3.4482743855,-3.5294153122,11.574343377,1.6413251748,26.466875429,12.745102192,-12.249998565,-6.2622350381,18.749998468,21.917802364,-8.5714249384,-15.000001589,7.7617769099
2000-03-01,9.9526058319,12.872180733,9.9345329787,13.243935705,-14.248765842,-1.1513108071,4.706285618,-6.507126333,1.0101011329,3.5548712231,8.7956325346,-4.5454545454,-7.5203240337,-4.7619056068,3.8445404234,10.379211422,-9.8323721691,4.3049474101,4.4496137709,0.56979321598,13.863216979,-15.444107336,31.460673805,-7.9428320182,-1.9607824805,0.90600226504
2000-04-01,-5.1189039763,5.20487166,-6.9167932416,-8.1199863083,-4.610490986,1.3294513288,-7.6850157926,-9.0847454289,-13.870968439,-11.044779322,6.1452536587,-13.756613756,-4.1758212607,1.2500025612,-8.8235347742,-12.861059012,-5.2999976294,-9.0909072437,-8.8771204794,-3.3982805499,-17.224024929,-11.151319328,-18.632477735,-12.716756951,0,-12.811447811
2000-05-01,14.813393619,0,-4.7893832278,-6.5722074677,-4.9999992239,1.5055971895,2.1818212606,9.619687034,8.9138594964,3.6912751888,-13.789478101,11.042944785,-4.8623838475,-3.7037020003,-3.8709641693,1.9084658245,-12.642798917,1.2499987892,-2.5807938477,-21.988267673,17.670127921,2.1843773238,-1.470589674,5.9602622237,2.5,-3.7394606424
2000-06-01,0.016667243108,22.578948706,20.656146891,27.561080426,13.157896671,11.820098132,14.313815878,15.646263416,27.23521583,29.126218684,34.736059462,20.994475138,8.2308999627,2.6105167333,17.650236072,15.344028961,12.631870162,30.8148133,30.071599119,10.522530639,-5.6999985161,-28.623187354,35.394458809,4.2500019073,9.7317114109,11.841401444
2000-07-01,8.3416640142,20.22326994,1.8683502376,-0.71159630024,-3.1007770407,18.741161963,6.1904744447,-3.9411816138,6.7567602944,6.5413481536,-7.4659057839,13.698630137,6.7272731891,-0.51281963106,2.2857121059,4.466117835,18.542368539,-12.419777412,-14.091743679,16.789826893,0.74231249018,4.0609162494,-25.984252142,17.505995341,-1.0891346081,-1.6320918276
2000-08-01,10.492666036,3.5714337411,6.6917264263,8.3385520786,0.92649453054,-2.6956883321,-2.541104597,1.1022684577,-13.670890516,-12.96165317,16.949151092,15.662650602,11.158434391,10.824742763,8.8280332146,5.7562512849,0.41563814939,24.245688858,17.684747615,23.125000815,15.964914562,14.634139249,23.40425553,10.10993495,3.8202264337,5.4211741826
2000-09-01,-0.70422675626,8.4420296609,-5.1665582948,-0.17878882545,1.4610425565,-1.3157882353,-6.2883470636,-0.060572631992,5.2785943617,1.2702736336,7.9796036396,-1.0416666666,-9.3869749438,-4.6511633951,-2.9579102968,-5.7010555436,2.8687345779,-4.2497843852,-4.3557128452,-7.1873922048,-11.815431425,-16.170209629,-25.862065505,-0.94339979123,-8.9826871372,-8.1747953419
2000-10-01,-6.3829809719,21.794874734,-16.574077509,-22.606431873,-6.5599976992,-1.6000032426,-5.139114293,5.0303046723,-5.5710314789,-9.5276258548,-12.044370189,3.5087719296,-15.433405237,-5.1219560063,-13.90374277,-9.4042696726,-13.150872817,0.18115665353,-3.9658446344,-3.3762125034,-9.092469066,-7.8680210966,-13.953491268,-6.6666648501,4.6373384026,-6.6612255148
2000-11-01,-1.5151545939,2.3684219606,35.732991966,14.615646167,-2.3972624858,-13.826034153,-13.043477981,-9.9826923401,-4.1002918473,-2.3893836041,-8.3783808397,-3.3898305083,-25.049998054,-24.190230565,-1.2422348291,1.0679584535,-3.2110089234,-7.7938474105,-6.1450317582,-11.25000379,-2.8118524549,-3.5812662846,-11.621622012,-18.367348528,-15.909090909,-10.627564404
2000-12-01,0,22.095657565,20.369971395,30.42483333,4.7368372465,-3.3816374116,11.90476384,2.9715381992,10.888950945,8.824423765,21.989916092,3.1578947368,18.879256731,16.988808275,25.219905589,25.563389308,6.1611429966,-4.8833135841,-3.6210552015,17.0078624,20.582525452,6.5714333457,22.018352609,9.7499966621,25.675675676,14.841574471
2001-01-01,32.307701654,10.638294094,-7.427472023,-3.1220996506,32.663316661,12.499997516,26.91489165,24.68355072,20.055701025,20.169113807,28.744932206,12.585034013,25.206239765,14.54795542,6.2176169964,0.85714818651,14.285716186,12.989689148,19.069462156,27.011498387,28.697066861,41.262011265,5.4619417357,35.535307295,18.137595553,15.813618192
2001-02-01,-9.8837232976,-5.7692254788,-8.8632506059,-15.044904024,-6.3043195679,-4.970096485,-14.221849936,-4.5685295985,-4.2344519483,-8.7956039713,-2.2012543158,-4.5317220543,-11.21495986,-7.8525620774,-10.243898723,-8.2349972083,-16.015627592,4.9452538726,0.73381313196,4.9773721485,-6.0810832581,-1.2499978658,-22.857140323,-12.60504242,-3.9215686275,-10.078089633
2001-03-01,0.081358995703,0,-1.4026330035,1.6796461769,0.55324810983,-4.0015342466,-10.749185608,-4.6079158303,3.6722447996,9.5616466149,3.4788947745,12.025316455,0,-0.14492999326,-3.4481334055,-1.4112601602,-6.0465099194,-6.450529124,-10.317114031,-18.534482316,-1.3339670227,-9.2827000902,-7.4074063428,-15.37678643,1.0204081633,-9.1435403688
2001-04-01,1.3513540725,6.1224430216,6.3242471631,7.2334760262,18.982122065,-3.3333399561,-7.84671219,-6.1931787394,-9.638547187,-13.853468562,18.686862727,6.1803223245,6.2631641225,-1.3352652218,8.6206882377,5.4042011923,-25.742573892,14.368935001,13.689589393,-4.238095332,10.258046058,13.023250575,15.936890404,-0.81489748054,-2.0202020202,3.3176340214
2001-05-01,-4.0000079473,-1.9230751597,-1.1513834647,-4.6137788432,-9.2485605145,-8.8133836203,-8.9108940837,-3.0890349997,-19.680002543,-25.979678405,1.0638338887,4.0000000001,-21.495791658,-24.977934861,8.4656067636,7.9614495573,-8.0133375322,13.752119294,11.985014098,-8.2877512353,-6.9632521366,-0.45267643336,17.391308749,-23.708924287,6.7010309278,-1.796607897
2001-06-01,-6.2499922389,1.1764671508,-1.3560350782,2.2805808667,22.293004059,9.1698868133,19.130434642,8.1249974535,-2.0584331321,6.6666700755,-5.6587383132,23.351648351,12.870666382,19.607846718,0.63310630449,5.8062527363,2.9134696973,-10.223878319,-9.7157151049,0.0060236636273,14.452174148,-9.0119841468,-2.962962452,0.61538402842,2.4154589371,-0.61437640798
2001-07-01,5.9259266618,-5.0387528397,-2.6015521654,-3.618011489,-8.0208406699,-6.1007960356,-4.0145985154,2.3121347453,22.033892312,13.933825012,-1.7917115559,-6.4587973274,-2.6455350007,6.4591504028,0,-3.4791864953,-19.718312446,-1.0823606139,2.3220672938,-0.30120095271,-9.2812243285,-6.6333523153,-13.994916353,-3.8226299917,-0.37735993001,-5.5292259084
2001-08-01,-6.8053222275,-6.9248786391,-4.2189679563,-1.1763404964,2.5987460551,-15.666830232,5.2851741591,3.6723154626,1.3888917634,3.2591180354,-22.690993661,-7.3809523809,-2.826854736,-6.0509512956,-4.9556730905,-9.3912141238,1.7456122125,-1.4706696166,1.533572048,1.2084616626,-8.7179528327,6.6180100841,-16.272189777,-5.9233066612,-2.840909132,-6.6453395376
2001-09-01,-6.1068656702,-20.529799756,-4.8467063226,-7.6350955065,-17.633932446,-21.232875827,-7.1867157417,-15.531334513,-12.273974386,-8.1250032741,-43.769286901,-24.164524422,-17.575756037,-14.23728912,-7.5898325978,-3.1145796177,-29.735319709,-8.1597171403,-6.7272741146,-34.925376321,-24.101121961,-12.825199896,-15.194339138,-30.35087436,-1.559452727,-17.172897196
2001-10-01,-3.2520329635,8.3361066048,-5.0972899679,-3.2743732441,4.3360449165,10.144926534,3.8910513451,-11.801779946,9.3066876176,13.231286989,32.432433303,2.372881356,38.97058315,18.577073091,6.1452523267,0.98333367005,12.269935902,0.94517955695,1.1695951223,2.7522992219,3.6639512398,9.7905801642,-0.41666981961,-0.50377785346,4.9306963931,6.8547249648
2001-11-01,-8.4033656589,3.8434916913,11.665347408,10.575564381,18.311688751,12.628944589,14.269669027,13.13433147,-7.7142885425,-7.7801107315,-1.4285749041,-1.9867549668,16.402118488,16.666669771,12.105270587,1.216348677,30.557379975,-4.4943847514,-5.3949960875,18.303561391,25.13388635,11.111109137,21.75732189,44.303790898,2.5009523735,13.789158746
2001-12-01,-0.91742623863,5.6790127999,17.204979926,14.075981996,16.245884699,11.41826527,10.285277473,10.817938354,3.095981588,1.6286617283,30.501969755,34.797297297,-2.7272681092,-0.85714671923,2.0109697234,3.1434710581,2.5531553951,2.9215719185,4.1751590945,-0.37735365258,4.1369427303,8.1115879555,4.1237106805,14.210534153,5.0505050505,4.9957466554
2002-01-01,1.851848658,-5.4613773023,-4.1783500542,-3.4999327225,-15.014168591,20.172597565,5.9999977422,1.1904852978,12.984840288,13.711883152,-3.677058591,-4.3294820859,14.48092718,18.894903819,-0.88313512424,-3.6525422176,0.44894445746,-5.5248646089,-5.9628601383,3.0303091879,2.1917873371,1.5536736853,-10.051712956,10.138246147,0.38461685181,-6.3047801429
2002-02-01,7.2727285042,2.4999975785,13.468177081,14.649310607,18.43714166,-4.2246407304,4.6312239401,5.882342629,16.118333847,11.450610757,3.1535278707,1.3513513515,12.494629599,14.473684597,14.218019225,18.067243864,-0.36567540728,17.362372623,16.63201716,10.234239016,17.882031747,8.9743598928,10.112357787,11.715483174,19.386970851,10.313654586
2002-03-01,-5.042376124,-2.4390220854,-0.42382876545,2.2685199887,11.538459816,-0.76045778178,-5.4644815975,-4.3888888659,-4.4793662755,-4.2276026173,4.5506588909,17.066666667,7.2519102423,0.68965830269,-1.1272448686,-6.0908633275,-11.108395523,9.2553444623,6.9518744578,-2.6615965704,-4.7077519505,8.0000026297,-11.224488018,-3.1154930834,1.893453644,-5.5512007411
2002-04-01,2.1725034498,1.9999965727,4.6941480226,-0.97605933961,16.293103275,0.38313681871,7.8034709153,-1.2202112052,-7.4935418675,-4.3795602178,8.6486486951,5.926248317,12.099643161,11.643837072,0.38663505384,1.132688295,-9.1659779374,-5.1386586466,-4.9004360711,13.515620316,13.123307569,-6.6811944871,1.6295437496,6.524630575,1.4173252377,-1.2750867662
2002-05-01,-8.2235317702,-0.98038685755,-9.1868779909,-5.2842483348,-2.8910282844,-15.769498663,-3.5769428832,-12.630403647,-9.7765356442,-9.8931256846,10.033167463,-11.607142857,-1.5873047785,3.0215350283,-9.9137942109,-7.3639257614,-2.9537598433,0.36113341175,-0.72832797623,-22.229871075,6.2816618882,3.1128425257,1.132075339,-4.3749988079,17.996888297,-1.7118838365
2002-06-01,1.9900942691,-6.9306994967,-14.790029986,-15.825296276,-31.98473086,-9.7222278753,-5.4373495133,-20.618559473,-9.1021646475,-9.1833326906,5.0969854014,-1.0101010101,-5.4838677503,-9.3750033954,-8.8991151593,-7.7809835485,-11.61343203,-9.1843738079,-9.9413094977,-8.1561067414,-6.8530067604,-5.6603748388,-1.4925313487,-10.457518702,2.25029495,-13.389316538
2002-07-01,-2.9220438244,0.53191598981,-14.089914376,-21.431487688,-3.254768455,-7.6923006385,-17.187504911,-9.0909098239,-26.771114789,-22.761190814,-1.154400082,10.969387755,1.7482529045,7.7328301093,-17.894738823,-23.389615307,-8.532502245,-15.094339622,-16.680242121,-20.346622914,-5.5345609486,-2.0000040234,-0.75758150351,-24.671534025,6.8211110167,-12.361971451
2002-08-01,14.990001693,3.1746017979,8.7607159781,18.093341678,31.329674888,-12.500004139,5.2830169847,2.7619036553,3.7209237853,5.314009575,-13.722628763,-8.9655172414,12.88659807,8.6666640176,16.107496227,21.129422331,-5.9580852628,7.3333316379,7.5531658864,7.0431363391,-4.7058830748,-3.265300661,-19.465646549,11.434111822,-9.638554217,6.3511575498
2002-09-01,-12.166274872,-1.5384570711,-19.393912035,-21.471375053,-26.538101956,-25.399999205,-25.591396529,-33.734938511,-32.959640488,-30.7339437,0.13406959806,-1.515151515,-22.070019579,-13.803685889,-19.915205969,-19.400952939,-23.557050094,-16.770183441,-16.136360168,-8.3891470315,-24.44444424,-12.025315311,-7.1090036934,-22.434781945,15.586669921,-16.952417646
2002-10-01,18.811874396,23.252570962,17.815273555,20.807856781,21.374992942,-5.5278938779,18.978811065,18.321681164,35.183947113,27.152320332,13.617024523,-10.256410256,32.77343868,16.725979654,31.468535957,36.094673205,-1.8437210934,20.895516298,20.05419351,12.607420423,22.875814527,22.777164166,19.387748072,19.730944101,10.739413192,17.91927627
2002-11-01,8.3166673156,2.8784594602,6.274830662,-0.48691310494,4.0164749142,-11.711715158,-2.8340107228,-7.9196213591,-1.138047629,0.5208324239,-7.0412023011,-4.5714285713,-3.2068184978,-2.6422758071,-5.3191502178,-5.2193217637,8.7164228959,0.91250987807,2.720812032,-5.4669778487,28.723405415,0.80645021972,-13.247855296,14.419474886,7.2233474959,3.3539883938
2002-12-01,-6.7820400875,-0.93264285824,20.163813249,15.377967289,-2.9702920996,12.244900286,12.919103059,28.369698949,18.1181206,21.450770821,4.7296608514,4.7904191615,4.8632133492,24.008353361,8.7173237551,12.532804037,-7.9764245485,9.9999984104,4.3869532721,10.843377928,5.6818220302,-4.5819527242,-3.448279026,7.3649721675,2.9000015258,7.2325846973
2003-01-01,17.411249686,-6.0690373937,-12.77778968,-5.0354707128,-1.8367391546,-16.363635748,-5.2930106232,-13.89999905,-17.796610838,-13.267914013,-12.890629278,2.5714285714,-3.5594736832,-3.8602959374,-1.5957431631,-8.3298672722,-14.602907046,-1.8939394213,2.3922343948,-6.6086973705,12.903225336,-0.96916624889,-2.1164294557,12.804880486,-5.9280839491,-2.9020234292
2003-02-01,-2.7267819454,-1.9261500284,2.2793391059,3.1655515875,3.8243406696,-10.266300756,-9.3812329833,-8.2462287114,-13.402067497,-12.44466808,-30.1345271,-13.649025069,4.8264954867,1.3384334434,-1.6216200541,1.6773517458,-27.500000466,-7.7026986922,-10.145232298,-10.509775982,7.3593027237,2.3131683214,-14.438506502,2.2972982986,7.4380131418,-6.0414952929
2003-03-01,26.234625682,9.9536994718,10.642817193,14.498912045,9.6874908442,29.065466824,11.277528376,4.5569615777,8.5119116717,13.03371325,6.2901126254,38.709677419,-7.0719195167,1.3207560034,16.834713389,18.712927339,-16.172410551,9.6626073391,12.536759855,6.0085846892,4.8387075454,4.736497466,65.505989427,21.003958252,-12.5,9.6595330739
2003-04-01,-3.333339956,6.3157898039,4.5771267767,2.2838131745,20.607790156,57.672451222,21.931909627,15.617434765,22.819527673,23.260438057,2.0531410843,36.637890648,17.92920759,27.569642463,7.2009770563,5.0282997989,25.503910252,6.7139196415,7.5215468729,26.364863461,6.0266253087,17.15154857,-12.30769644,17.03057255,-8.1915648703,11.381176261
2003-05-01,13.793111244,2.9683231407,0.54377115157,-0.62823599919,20.472443081,7.1428628447,-1.7857142858,3.1413658005,6.1172717442,12.183064654,6.0355058034,-6.1818181819,10.490880882,0.90361603397,12.72727115,3.6967901427,-6.5880065926,7.0110686043,5.8127912635,7.2956143978,-0.86655287205,-4.1984732281,2.1929890401,1.5858215676,6.1227032606,6.8891366678
2003-06-01,-0.66666889434,-3.8443096819,-8.3041569384,-9.2793137907,-14.444447826,3.8333318433,-12.892558624,-16.142136654,-14.710958942,-12.260385287,17.760749931,39.534883721,8.6798717304,3.044777486,-9.0556154607,-4.6780404277,-9.1228045867,-4.1379336652,-3.5802223088,-2.0350795921,22.727279832,-5.1792814494,-9.8712496529,20.752977079,-3.4593748562,-3.3455033157
2003-07-01,2.5015221641,0,7.9767913219,14.341403267,8.4797599195,14.499730399,2.8462984152,-1.937038306,-0.96105705525,1.7296317594,0.95694146694,-5.9846577951,3.6210912911,7.6548574574,11.111111111,11.875621449,-6.1776098984,9.1726662387,11.001961309,10.183477691,15.384609669,-5.0420159518,0,19.321524352,22.500001816,4.6176379896
2003-08-01,1.6300176298,12.000000476,3.5629982893,4.956347916,11.584254031,41.35514362,19.520287092,2.4691315439,12.359554837,10.067109395,11.374405569,17.199391172,31.31103205,21.420766337,14.113798873,6.2419408849,20.576135315,8.2372259019,7.6106181186,14.096918728,22.8395064,15.1327386,4.2857138105,11.329400722,9.6303691666,11.811951956
2003-09-01,5.3254457694,7.1410728047,-6.6652797888,-8.764968699,3.8961093938,17.355364654,6.0512565005,9.2771062842,10,9.9593519328,-2.9787266508,-8.4415584415,-7.9332894806,-2.3852331039,-9.0012963112,-7.295982596,52.559725747,0.22831283532,-0.24670676485,-2.7567608121,3.7185959902,19.907761124,-0.45661386839,14.705882352,5.6046921602,5.5094240148
2003-10-01,-4.4943836853,-5.5718104371,7.9805811638,5.4394510529,17.499994419,12.676059743,23.668121112,17.420070296,48.14049667,39.186692938,16.666670571,-0.70921985816,3.3434614219,6.4601854659,12.06225972,13.051424038,-0.67114190651,2.0501162599,3.8746882357,1.7152415556,14.321701543,12.375344019,27.522931766,17.641025641,12.361423113,12.317301686
2003-11-01,11.747058823,13.454545454,22.435867235,17.986688078,30.319148936,17.625,10.875706214,19.624413146,14.337517433,10.783532536,9.022556391,0.87280070384,17.393387638,13.612334801,6.25,5.5477498192,17.995495496,10.438720301,10.946405902,14.138496369,13.578572639,-1.9108280256,12.949640287,21.621621621,-0.76923076931,12.240017795
2003-12-01,12.112284387,1.7628205127,14.151233141,10.912885345,-2.0408163265,42.082890542,15.568975566,6.7503924647,18.321541839,8.3672980101,34.196381344,15.751445086,24.489795918,29.313687476,16.518708612,15.833232433,52.510020996,18.117977528,14.23444976,15.424204888,16.940298508,25.702898338,-3.5031847134,26.56011262,31.395348837,10.171926869
2004-01-01,-3,2.2047244094,-7.7094557854,-5.2324410577,-15,0.37397157794,-5.6872037914,-15.808823529,-27.628865979,-21.902654867,-7.2538860103,56.179775281,2.1173724575,7.3193329217,-3.2258064515,-0.75765660004,-9.5118898621,1.0701545778,2.4738219896,-13.948715002,4.3395022336,3.5342465753,0.12223653539,-9.3961708395,-7.9646017699,-1.7314265156
2004-02-01,-1.6985003889,10.93990755,1.1644097725,1.5659209876,8.8629309137,14.75409836,4.5226130653,-4.8034934497,-7.1225071226,-2.266288952,-5.9776536314,-29.65627498,1.7142857143,2.8776978417,6.5113497434,0.72452641252,-22.531120332,6.2352941177,4.7387916718,13.259259259,13.761467889,1.8788039166,-13.666666666,8.0949284786,8.0128205129,-0.43933916068
2004-03-01,5.2631578947,30.846838073,-7.2001186931,-4.6958502558,7.5288683602,-2.5974025973,-2.5961538462,0.36697247706,12.883435583,9.5652173915,6.9416913937,7.9545454546,8.8930677035,15.559221205,-4.1309977403,-3.3802615594,3.0173183361,10.242118094,7.1595920199,-5.8701740269,6.9354838712,8.051948052,35.135135135,18.796992481,-5.3353115727,1.778901402
2004-04-01,0,10.160427807,-13.802598363,-14.151045221,-17.95532646,-22.666666667,-9.3780848964,-10.642858098,-17.391304348,-14.603174603,-18.812989922,-0.47741598655,-7.738095238,-8.5889570552,-14.701321086,-13.789913789,-17.660311958,-13.021101389,-12.631578947,-5.9978954753,-25.060382265,-11.937112768,3.491631012,-26.582278481,-17.176147507,-11.448830277
2004-05-01,1.7701329687,11.067961165,8.1557310159,10.041739376,8.9005235601,-20,-4.3114826221,-3.7422037422,-5.0078136254,-2.7552752232,-1.8620689655,-5.1933701658,5.806451613,6.9798657718,15.087719298,12.509125263,-5.1778572933,-4.7455621302,-3.9089692101,-11.492537313,4.6594982079,2.849002849,-10.14084507,2.2413793104,20.5663418,-0.32131381649
2004-06-01,22,4.8951048951,6.7475090957,8.1410656116,8.1730769232,21.767241379,9.3185591859,8.5313174946,7.6573426573,5.789110958,18.162462371,19.114219114,13.262195121,10.915934755,9.9908301781,9.9950349462,19.86681465,6.4728537705,7.7040958484,12.984822934,4.1415718479,10.803324099,0.62695924771,8.600337268,-7.3897269429,8.2071223906
2004-07-01,-1.6393442623,-4.1666666669,1.6162177311,-0.084271340256,2.3686531664,8.3185840707,20.519480519,9.4527363182,41.474504709,35.146579805,-2.7108433736,-10.958904109,18.328767123,21.405380334,-4.1666666666,-2.0289754369,7.8333333333,0,1.0218600439,4.4925373135,16.129883844,0.5000000001,-4.0498442367,34.00621118,12.646048109,5.6175524873
2004-08-01,18.178785586,3.5652173914,0.12133158452,1.8232880942,8.2521700329,38.562091503,-3.0172413793,-9.0909090909,-7.7134986226,-8.3875632684,-8.1114551083,-2.3076923078,13.230992688,17.091430918,4.7924135712,6.1462270418,5.61566203,5.4842473746,4.9935979514,-0.49278674487,3.0916117299,-1.4925373135,10.389610389,10.404181141,2.5015253203,2.090795129
2004-09-01,14.249999999,2.9330738778,2.7119733875,5.7226101162,3.9175257732,12.264150943,12.830552224,2.3000000001,13.681592039,11.812680873,-5.4119053787,2.137232846,-3.8183694531,-2.4793388429,6.6057551674,6.9635818483,-2.1951219513,14.71238938,14.43902439,-3.8110959592,-2.0948180814,2.2727272728,-2.9411764705,-4.3196544276,14.642857142,1.9383414463
2004-10-01,3.1572366366,12.704918032,19.715805202,14.925290674,12.341269841,10.294117647,9.6345514949,0.19550342131,-1.9693654267,-0.63529411764,-2.3861171367,0.44052863432,-9.4635193133,-6.1016949152,7.8534031414,9.0347587684,-5.5694098088,1.7874875868,2.8731836195,-13.445754365,-5.0900900901,5.5942701118,-6.6666666667,-2.8668171556,-2.9013961958,-0.83028608306
2004-11-01,-10.0167584,-1.3090909091,4.8126507956,2.9714963326,12.504415401,12.761904761,-4.3181818183,22.146341463,-1.7857142859,2.8889415107,2.5925925927,2.5219298244,17.43576353,17.385479412,3.1553398057,2.3595408149,10.915492957,-0.34146341459,-0.58855002671,25.844827586,22.92358804,1.8219677251,22.727272727,27.701603532,9.1803278689,9.0057261843
2004-12-01,26.647534229,0.81061164328,20.105499315,13.367113196,3.1517994104,13.175675675,4.3835660807,-7.3482428114,-12.499999999,-9.7813578826,15.74956783,9.012626283,-2.9820261439,5.2960474924,11.898387609,14.098480076,-0.57142857149,4.2584434654,4.5748116254,9.950878519,-1.9498069498,18.865030675,2.3809523811,-0.73533544637,13.363363363,4.2502387774
2005-01-01,-0.0083333332441,-5.9634560162,-5.1834639103,0.35860129883,-4.9230769231,-11.38140697,-10.260219805,1.2931034482,-11.948051948,-16.096938776,-5.8860759494,-17.653061224,-7.7894736843,-5.7863501484,-1.7391304348,-2.5399292931,-12.212643678,0.75117370889,-2.9336078228,-12.511908542,2.8745816106,-9.5698924731,-7.7677741055,-1.0194624652,4.9536423841,-7.0468773859
2005-02-01,2.7863433063,2.9047244094,30.669431545,27.25682681,1.1418768647,12.205567451,16.034482759,20.765957447,11.474926253,10.063849194,11.297915265,11.771995043,18.84146722,7.2483514019,12.168141593,15.82117211,3.4733587925,18.359739049,17.953340403,14.740124306,28.612440191,10.558858501,13.314447592,29.026217228,14.209994952,15.560574948
2005-03-01,-7.0270270271,-19.657354483,-4.8891381848,-5.5468504638,-4.5161290322,-17.335877863,-8.618127786,-11.839323467,-6.0862662079,-5.5248618784,-2.9848572801,32.815964523,-13.052011776,-8.4178652537,-2.4030278867,-2.5953270314,-2.4780316344,-7.4803149606,-7.2642272768,-17.032932034,-5.8035714284,-13.09959131,-1.8120664818,-12.374227234,-6.0773480663,-5.4337396496
2005-04-01,-8.430232558,-39.285136049,-4.0966536369,3.2922797671,-1.1824324325,-9.262166405,18.536585366,13.438008982,-11.524373062,-4.649122807,-12.060301507,4.6702118809,-17.618510158,-17.5483551,0,1.6489202675,-23.409623355,-7.1930962024,-6.8799460791,0.95969289832,-12.843601895,-1.4289737721,0.51948051951,-13.04347826,-18.148126605,-6.6403607666
2005-05-01,7.8783916311,1.3333333332,9.1255662728,-2.7206217634,4.9572649574,-6.5336861388,1.7072027689,0.072516316322,15.059825478,10.440449655,2.8571428571,-0.36119661272,1.9242814489,2.7856924429,0.14406670798,-4.0354887627,47.058823529,4.2883720929,6.4021164022,9.0369678212,-9.0536553614,0.50102828864,8.2687338501,-9.8,2.1167883211,1.4652014652
2005-06-01,6.0303030305,11.455108359,14.511005451,8.262584126,3.0944625407,-14.851916376,1.9178082192,-3.4782608697,-8.1284916201,-8.2121212121,1.9053862472,-6.276505513,-6.9958847736,-9.5508982037,3.4534275124,1.9372802568,-8.8,8.2062260281,6.7130780706,-0.35915492963,-11.241217798,-0.90410958901,1.1933174226,-15.521064301,-0.92923516786,-0.6188757091
2005-07-01,-0.89411251392,-1.0000000001,-3.8297444394,-0.12630764668,-1.1058451817,16.624040921,6.7568454047,-0.15015014997,-0.15202189106,0.85836909875,0.41265474556,2.1719457012,10.17699115,6.9182389938,1.5748031496,4.4489219295,-7.4686668462,5.0205347416,3.4947768281,4.9491508784,18.205804749,-1.9076582804,-11.08490566,12.257217847,13.261183261,3.955929903
2005-08-01,24.62961495,2.1885521886,16.080527069,20.527407167,14.016762119,2.7631578949,6.312935709,1.7293233082,-0.73081607807,2.7823240589,9.5890410958,-5.5801594331,16.561682414,14.121729844,14.768667693,10.017979036,-12.463526469,18.675179569,19.287942742,1.3630136986,3.4151785714,-1.352874859,37.400530504,14.238952536,3.3252643649,7.687581599
2005-09-01,6.408706167,12.072477434,16.301070376,8.8686036328,24.390942964,-1.8779342723,3.2179720703,28.677014043,37.116564417,36.942675159,4.0985853133,24.765478424,17.232924693,18.005540166,9.3472638642,8.058199233,-10.571428571,8.2716879624,9.6923076924,6.3517805258,11.741851931,1.5488546569,1.1583011583,12.256750005,22.071516646,12.619455142
2005-10-01,1.8181818183,-5.223880597,2.9490905326,6.5854040871,-4.6082949309,-15.615484993,-3.5294117648,-5.4566341183,-11.856823266,-9.5348837209,-2.4848484848,20.30075188,-8.7541081564,-5.3990610329,4.9844236759,1.2793777825,-16.49033824,-11.428571428,-9.6493688639,-8.571065506,-16.457407765,2.1439509952,-10.496183206,-12.350674373,-4.2156974933,-4.4011018586
2005-11-01,23.860385338,16.377952756,18.281999966,18.609667083,-5.3140096618,2.5773195875,10.465787972,16.038882138,2.2842639595,4.2416452441,-3.0453697948,-10.225684821,8.8407419185,7.0941684384,12.017804154,3.9173115108,5.9469941823,5.4698457221,6.3334368208,-1.4351634407,6.3583815028,7.9460269866,36.673773987,13.651351945,2.7154663518,5.7066207399
2005-12-01,32.586520947,2.9459282632,4.5688125241,0.11874872652,7.6530612247,-4.5226130653,6.4068100359,-5.8115183246,-5.7071960298,-2.3427866831,16.318147974,9.5173396072,19.890176937,14.386792452,0.50551004551,1.2112393013,-6.3453325198,9.8404255321,8.6423357665,17.046833122,9.3478260869,4.1388888889,-3.3850730149,7.5435203094,-0.20898641596,4.8220328363
2006-01-01,14.919631817,2.5930851063,26.820758908,28.567660209,26.895734597,-6.7594215029,18.892858934,12.562534741,4.7368421052,6.0606060606,21.666666667,3.7209302325,22.13740458,18.474226804,21.621621622,19.4051067,-2.8664495114,26.691176471,28.030509398,17.197452229,29.204771372,7.4363601498,35.294117647,33.027455425,18.52356021,14.727245553
2006-02-01,7.5911536162,1.101749838,-1.5067572523,0.72582647445,4.6994016202,7.1680376028,2.2897897898,15.061728395,13.040201005,11.071428571,-5.7077625572,11.787315823,3.0039904088,4.7398466937,2.7777777777,2.2641003887,34.004024145,-5.9779454441,-4.7872340426,-7.0108695652,4.0802980862,1.8987341771,5.4347826086,-3.1945788965,-7.7215301705,0.59402845091
2006-03-01,-1.0035727003,5.6310178124,-12.63761787,-11.112963774,0.92744135291,-11.622807017,-9.4036697248,-6.9098712446,8.3574127584,2.786709539,-5.4721549637,5.4441260743,-0.81632653064,-0.7903144442,1.4122034594,-5.6945696467,-25.375375375,-4.1152263374,-3.5977653632,11.630625365,6.4279011574,5.8385093167,-1.3841333635,16.920635093,1.1010052656,-1.7068117068
2006-04-01,6.5610488169,5.1344743277,2.3180045797,2.7433142845,11.150469906,-7.8949607789,1.8126582279,7.7616974209,23.595862979,20.022549052,-0.1024590163,-2.7180031089,11.296296296,9.0423728814,2.1413276232,2.8510691509,7.4446680081,10.900556812,8.6972611276,6.8062827224,7.7149155033,0.44600938963,7.7283372368,-0.93457943922,2.4870590178,6.3555637533
2006-05-01,6.1441305448,-2.1046511628,-2.1910354699,-12.020503756,-7.3371805441,-3.9455782312,-9.6535496133,-17.030567686,-28.189712759,-25.547445255,-2.8205128205,-0.63916327699,-10.469033641,-6.2391144214,-7.7631293691,-8.0211627343,-16.978776529,-3.0974318761,-4.8237075493,1.8553793945,-5.0080137303,-5.8308483452,-20.108695652,-5.0314465409,-1.5137357504,-9.496320888
2006-06-01,0.90909090904,-4.2380338328,-8.5457677435,-3.2375966782,-11.067615658,-5.8781869689,5.1534585433,7.3684210527,9.3023255815,10.049019607,5.3310838848,0.58479532163,1.71875,0.7556675062,-0.65527823763,4.3389113036,9.0225563908,-2.0837548048,-1.8636363636,-0.34448818888,4.5103395687,3.9999999999,10.204081632,2.8476821193,-0.79696394678,0.27374760466
2006-07-01,-8.4084084085,-1.87625,6.7261291655,8.1643744343,-0.16006402548,-14.973664409,2.9494538261,7.5980392157,-2.5531914896,-2.8953229399,-7.0707070708,-0.58139534885,4.4546850999,1.2499999999,3.2110091743,5.5076415754,3.1724137931,3.2024793389,3.9833256136,7.1604938272,0.28776978415,-2.5641025641,1.2345679012,-3.4127495172,-3.3091048203,1.2203112203
2006-08-01,0.66551087748,7.6459572732,-2.1619676465,-4.4713968114,0.072453999383,23.451327434,-5.9011164275,5.0113895217,2.1834061137,-1.8348623853,14.076086956,16.832939112,-7.997457688,-4.8953138716,1.1039157767,-2.5625088731,5.1470588236,-4.8648648649,-4.2316258352,8.3041474654,-8.511308421,6.5789473685,-1.2195121951,-10.373333333,-9.0009891197,-2.2790409149
2006-09-01,-1.6393442623,4.677280266,3.513455619,3.6197895808,-1.0416666667,-3.0107526883,-3.615819209,6.2906724512,2.5641025639,5.1401869157,2.2800121855,-8.8082901554,-5.5250403879,-4.9210526316,-0.96962334173,0.95214465146,0.44500953609,-4.5664983165,-5.6046511628,10.620372734,-0.95846645363,0.91358024692,16.049382716,-0.83471236658,1.847826087,0.59891808341
2006-10-01,8.3555555555,-3.534168565,5.9888097014,8.4714202867,9.347368421,11.973392461,8.347010551,-0.40816326527,-6.0416666666,-4.6666666667,4.3192488265,-3.409090909,7.3871409029,7.1132023249,8.6033519554,8.3348699982,16.455696202,4.520396913,5.9374230106,-0.95391953218,7.2580645161,4.9669684366,7.4635919493,12,16.870605997,7.7176328568
2006-11-01,15.018104999,6.9093356318,6.9858642732,7.0286903618,13.881401617,4.1584158414,6.0268340187,-2.049180328,13.968957871,7.4358974358,1.2151215122,-3.9411764707,9.7387847271,9.182488859,3.3950617284,2.4462228277,10.27173913,9.9137931034,9.1190476191,1.359223301,-2.7067669173,3.8924108723,11.881188118,0.48076923067,10.28624192,6.7979216545
2006-12-01,16.143497758,5.0261147666,9.1927743342,6.3133269939,9.6346251816,-4.9429657794,7.1435860802,4.6025104604,-0.60311284051,3.927099154,-1.4655045147,11.236210217,2.375366569,5.5222088835,10.119735764,7.2378630017,13.405618531,6.8431372549,8.6624481781,14.173717612,-0.30911901076,13.613445378,11.238938053,10.047846889,6.6644340255,6.0623405117
2007-01-01,1.9305019305,3.3393425238,1.9084054082,-0.20252455543,8.59375,3.5333333331,-3.1336317745,3.3599999999,-2.1334899196,0.20876826711,-3.3560090703,1.3888888889,2.5494127758,0.38680318539,7.6007326008,1.4526468156,8.5614950021,-3.7749814953,-5.0253292808,-7.8498293516,6.8062015505,2.4468370773,-9.7056483692,1.4341165175,11.616954474,0.37775729088
2007-02-01,-2.2727272728,0.56542396542,-8.4849176148,-9.4529802539,-0.96826462386,-11.268512556,-0.69813175996,-4.79876161,-10,-7.0833333333,12.060065697,-5.4794520548,2.043977926,6.75730404,-1.3754283543,-7.2455272949,-5.3242594075,-7.9807692308,-8.5129080435,5.0037037037,7.5627812454,-4.0414507772,-9.691629956,10.23690773,1.983122363,-1.6778297977
2007-03-01,5.3438911018,10.373473979,7.3502260751,7.6699782656,-2.2338429999,11.529738242,0.0099019702247,-2.4390243902,2,0.44843049309,-1.3864848569,4.347826087,4.2805854735,3.9742212675,0.96575943808,0.61291315669,3.5940803382,8.129571578,7.6026119403,-2.4725759234,19.905533064,2.2144501721,3.9024390244,12.860536138,5.22686526,4.356146906
2007-04-01,10.37037037,9.4983449822,4.5328494825,3.5740359021,4.3634727846,14.069690993,13.975364677,12.921043008,-0.6535947713,6.6741071429,2.1711366539,2.4930748154,9.8781779661,13.016528925,6.4580750666,8.7984862819,21.632653061,-0.34522489632,-1.2636067635,-0.52441229645,0.16882386044,14.782608695,0.69425485162,-2.3517345166,10.984241379,6.8814950659
2007-05-01,4.515990885,10.637446808,12.72286515,12.515977969,14.21196764,-5.4755043228,5.9972105997,10.234705656,13.285394706,13.04493661,-3.125,14.845938375,5.0711003096,5.0841604027,8.3783783783,7.8975644699,3.3221476509,1.0937500001,1.6371681415,12.36502454,14.805913138,7.6342013563,1.8957345972,10.880829015,3.5952380951,6.7652585996
2007-06-01,2.5740274821,6.0207796596,0.24767813502,-4.032763166,6.143326014,5.2439024392,7.9999999998,16.230366492,12.950340798,12.851485148,1.0154993364,5.4800869946,14.4773358,17.240773286,0.76493632441,1.9851528592,0.032478077264,13.562596599,12.407488027,8.7685239112,0.69619614569,2.8551161553,0,2.8037383177,-0.9652953343,4.0636718451
2007-07-01,6.9182389938,-4.0000000001,3.0942596026,4.8793096885,6.1312298314,0.057937427482,-7.4074074074,-6.4564564565,-14.224137931,-14.19547289,-13.321947053,4.2345276874,-4.0404040404,-5.5613850996,-1.5689512798,0.55131664649,-5.8441558442,3.7938074174,2.0720371806,7.6630176105,8.9278557112,-0.44827586207,-3.7209302325,5.1909090909,7.681596658,-0.38608618916
2007-08-01,-4.2679794471,2.2727272728,-1.4772189278,-0.06160690682,-4.5950280318,4.8060220035,-0.52631578938,2.7287319423,2.0703517588,-1.0224948876,8.3743842366,2.4838436428,1.7814369299,-1.468276683,-0.52307718015,-0.066267059537,-6.8965517241,0.91351632436,0.11122642954,5.658709107,2.419280655,3.7235885002,0.48309178728,3.3804334587,4.5043103448,0.8397622827
2007-09-01,1.5432098766,-1.8026372903,6.3441181332,9.5432643593,10.067914607,-4.5856353591,3.1746031746,-8.4374999999,5.9472233161,6.1983471074,-7.2893679787,0.66964285706,-0.18750000008,0.81300813017,7.3155663804,7.1810737882,13.703703703,13.606557377,13.409961685,-3.8702928869,15.726603197,-5.1594590082,6.4423076925,9.5234020708,27.758300681,10.66676428
2007-10-01,-1.7629179331,8.3969465648,7.2605425665,10.487827933,1.3272903851,-5.5587724377,-4.8717948718,-1.7406143344,-0.18587360591,1.6731517509,3.5148514849,9.933481153,12.71133375,12.870967742,3.95256917,7.2444261119,12.034492459,20.288507283,22.650134804,-0.37953502833,7.4815677144,-1.426056338,8.3107497741,6.25,5.5775562709,8.0244769701
2007-11-01,-15.418362462,-8.8028169014,-1.7399047907,-3.8520130639,1.9039490408,-3.4334763949,2.7493261456,-3.2650225773,-6.8901303538,-6.0466896288,-6.2649450024,-10.246066962,-5.0766680481,0.59999013502,-0.83216224866,0.3949011676,-6.7605633803,2.1985986954,-0.16662038306,-1.8149226978,-1.4369268539,-14.664410752,-20.359046664,0.25735294112,-3.5384615384,-3.5381294303
2007-12-01,-5.875432017,-3.1182836602,-7.0097135866,0.12228095256,-3.9702685153,-8.5714285715,-14.742917103,-3.7701974866,-4.28,-6.5173116089,3.3724412742,-3.6860834388,2.0825147349,1.7483519632,-9.6153846153,-8.058519237,-3.8267875126,24.113475177,22.948539638,-6.1387494294,17.796585319,3.9570757881,-12.041884816,-9.2403227399,-5.4066985646,1.3966923785
2008-01-01,-12.499999999,-8,-14.792285506,-16.215411834,-3.7828947368,-9.7222222221,-13.969230769,-5.5597014924,-8.4830756372,-2.9193899783,-5.459057072,-6.103286385,-12.798306389,-14.084507042,-13.787234042,-13.097959901,-18.708551483,-7.9046959168,-8.7128754662,-9.6523219063,4.6954314721,-5.6582168162,2.2619047621,1.226993865,-12.61170123,-6.8810067934
2008-02-01,-6.4285714286,11.304347826,10.511444347,13.037644127,-3.1669402695,10.307692307,15.164520744,8.6922165152,13.561643835,11.310592459,-0.78740157469,4.2500000001,22.636091375,22.989622111,8.8914708404,9.8680559475,6.9128381278,1.3485477177,1.3059701492,8.5579640536,14.727272727,2.2988505747,8.8474970897,18.787878788,13.177696314,6.7221381745
2008-03-01,2.8708732916,-8.9921874999,-10.015670566,-7.4839508757,-17.773252251,8.3988322382,-2.1739130435,4.2893493275,7.7603538401,1.6129032259,-6.1554696178,7.865707434,-2.0991675716,-1.879194631,-4.1860465116,-6.0533483608,-7.1312618897,-8.2190378709,-9.1589932474,-3.9552238806,-0.85578446915,-9.9783720014,-22.352941176,1.3513451773,3.1367200818,-3.9707665895
2008-04-01,-5.5986540799,-3.2370517125,15.586212141,17.464803769,25.054089139,-3.8926174496,17.526140564,8.2025264333,-6.7164179105,2.3809523809,-0.68689181453,6.8906241622,21.57116451,21.067031464,17.131019924,18.580929046,12.753492564,13.102869237,14.366532295,7.77000777,19.189495193,-3.5532994923,5.3719008263,23.719512195,9.2752822671,11.317412413
2008-05-01,24.758643593,-5.4954954954,4.0192174143,2.9131721383,13.47461939,-7.5418994414,10.231884058,-0.5344021376,19.885852726,11.109198583,-11.873198847,2.4871355059,25.12005061,28.420168137,7.3059360731,6.4152853347,0.55955235821,13.438735178,16.113744076,10.430185051,8.9285714286,11.316553557,-11.895424836,7.8117299163,-0.19804996955,6.9605705192
2008-06-01,-20.3187251,-8.1029551954,-13.941607387,-15.686359709,-19.210809693,-3.6253776436,2.2350775702,9.4694425788,0.37300779932,-3.5185185186,-29.687371191,0,-6.2042012701,-7.9564563235,-13.33190763,-19.223755154,-8.5850556439,-1.6550522648,-5.6938775509,-10.77257889,-9.8612862548,-1.2195121951,-11.275964391,-9.7142857143,-12.379789345,-10.435034163
2008-07-01,2.4999999998,-12.346161497,0.042303250666,0.52648420515,-4.015296367,8.1504702195,-4.4495884773,-1.3190184049,2.7027027027,0.69097888681,11.996251171,0.54393305454,-10.677083333,-9.6346153847,1.3765978367,2.7985761631,8.695652174,-22.161204606,-22.311188055,-5.2195121951,-14.241745942,-4.1234567901,-9.0301003344,-12.658227848,-17.526132404,-8.4777827337
2008-08-01,-28.02171914,6.0240963856,-8.562778254,-9.6161354053,-4.7153811365,-15.36231884,-5.2759084791,-12.962387317,-2.9605263157,-4.5367899352,15.732217573,-12.495964968,-9.3448563097,-10.2844457,-7.1447199292,-7.7338932266,-8.4000000001,-2.9130632682,-2.7855153203,-2.7450823711,-7.4727281115,-0.025753283444,11.213235294,-15.409795952,-8.1749049432,-6.4280312578
2008-09-01,-16.997671552,5.8605940027,0.49401524484,3.3518221846,-3.6815930975,-12.928082191,6.848536516,-5.7142857143,-4.0677966102,-3.9536741215,-4.3685354955,2.7295285361,-30.912052117,-28.43373494,0.050357007967,3.780337042,3.4497816596,-1.031411158,0.57306590243,-28.571428571,-27.876106195,-0.051519835142,15.702479338,-29.178321678,-15.919024614,-11.025502873
2008-10-01,-38.943894389,-12.907445764,-18.216641303,-18.872856229,-35.076923077,-7.4729596853,-12.234042553,-9.6590909091,-7.2438162545,-2.7027027027,-14.122137404,-17.391304348,-33.99339934,-34.006734007,-24.369747899,-26.931761164,-5.4875474883,-32.235907153,-33.58974359,-5.1233396585,-29.54601227,-4.6391752578,-21.428571429,-30.881263885,-20.241455875,-24.797642357
2008-11-01,13.633793417,1.0639629489,-3.5850859774,-1.7838446497,-2.2527231026,-33.475026567,10.606060606,14.800838574,2.8571428573,4.2735042734,-23.911111111,14.64339791,5.2395134648,5.453210174,14.583333333,16.581834829,16.560187972,-16.987067459,-13.942513942,-6.32,-9.8223615463,-0.87335627741,25.454545455,-16.535714286,-3.0292356464,-1.7742108654
2008-12-01,14.049987866,5.0161010653,-2.8999882396,-5.7938203211,3.7601785494,-11.341853035,-12.958904109,-12.344777209,-4.1111111112,-0.90163934428,2.9205607478,-4.035178479,3.5051546391,-1.2745098039,-2.74405051,-1.9828751691,-8.9546022491,19.3019901,17.99873108,18.53116994,12.012359984,6.6282420748,-28.84057971,16.936609362,0.58118416273,2.6096461264
2009-01-01,15.957446808,-4.6173954038,-8.9025927318,-7.8749318586,-3.2697547684,2.8828828828,-1.0072395342,-9.2083333333,1.0428736965,0.90984284525,-1.3620885357,-3.2884097034,-0.19920318728,-0.94339622638,-8.1244587251,-10.114951366,8.2342177495,10.476536922,9.5884413309,-8.1237798642,21.310344828,-0.49410163901,37.474541751,8.8235294119,17.370892019,4.6604527297
2009-02-01,-12.293577981,4.3354037265,-0.47591036937,-0.4092548379,-0.26460118415,-5.7793345009,5.7233704292,2.3405231756,0.15290519877,-0.6147540983,-24.16570771,-0.83612040135,-15.768463073,-16.34085213,-3.4153005465,-4.9982882574,8.0304311072,7.6720447812,5.4734318817,-4.2231075698,-10.886867538,-2.9126213592,-3.111111111,-10.152460152,-5.0153846153,-2.8422391858
2009-03-01,8.8175394596,10.489343969,6.9891746833,11.675723794,23.098405146,-10.594795539,3.7293233083,8.0717488791,-1.06870229,3.4226804122,17.905918058,-3.316469927,2.2393964338,1.9127842868,17.595251041,16.751473283,-4.2721357384,8.1957186543,8.143939394,7.3211314475,16.216052949,11.607981007,-9.7859327217,16.078002662,0.4211208292,7.1812062961
2009-04-01,44.652981427,7.1541683568,17.288610124,17.344481968,9.4250148191,28.274428274,2.0928091189,16.328718487,11.11111111,13.157894737,13.899613899,5.1744186047,21.705426356,21.420118343,17.691342535,18.573991731,7.3940486925,5.0779157042,4.6599110663,20.736434109,17.063953488,4.3080939948,11.186440677,9.1525423728,18.113502674,15.550397067
2009-05-01,8.4935062456,9.2360549717,8.0858563391,11.906688621,15.111211608,16.045380875,-0.60037523454,4.5555555556,-1.6626707832,-5.1603301784,9.6045197739,1.4372581536,31.27388535,27.192982456,5.7957925368,4.9756482822,3.4424853066,17.155266015,16.621530129,0.78268157213,21.504503333,5.362505361,16.768292683,22.670807454,5.3769401331,12.493391697
2009-06-01,-1.2501562695,-2.0351526364,-2.0297874677,-4.311303432,0.97316404117,0.27932960875,-0.52850132124,-3.2943676941,6.7436661699,0.67114093963,-15.979381443,3.2697547684,-0.53372149432,-1.1494252875,-2.6351049575,-2.4711490214,9.375,-7.1130676552,-5.8055152394,-5.7467532468,-10.06185567,0.97087378635,-12.532637075,5.3417721518,-9.2582851131,-3.2558226968
2009-07-01,-3.785289277,2.6340240933,3.5048798025,2.6430952648,11.614730878,15.73816156,2.6565464896,4.3956043957,0.17452006996,1.1764705881,11.90184049,1.5831134564,6.975609756,5.4263565891,9.7477064221,8.0802882141,-9.8330241189,-3.0741337311,-2.0726524138,8.1639683087,10.178817056,-12.235576923,-17.462686567,6.4167267486,7.3913043478,6.4121247449
2009-08-01,5.6593805719,12.390697674,1.8792138571,4.1111259148,11.494002626,25.87244284,2.5878003697,2.9122807016,-4.0069686412,-4.0697674417,10.96491228,6.4746855352,0.59279525776,1.5441176471,1.690082841,5.3463120705,-1.7695473251,-2.6459143968,-0.28598665394,10.50955414,1.9975031211,1.8898931799,-1.4466546112,0.4663095362,-0.99865047232,3.1461699991
2009-09-01,-5,6.0485465001,16.197848436,14.689005318,20.135745658,7.6481835564,-2.7027027027,6.8871462667,0.18148820327,0.60606060597,1.2845849804,4.6616541353,7.6609247506,7.3497465604,10.904200289,11.674174174,3.4771679933,8.8462563283,11.536010197,-1.7291066282,10.934312525,6.182795699,7.7064220186,5.440180587,12.295528898,8.9027758108
2009-10-01,5.25,6.0079051385,-3.9693511672,-1.9167318223,-9.670188921,3.9076376554,1.888888889,-2.2328548645,-9.7463768116,-9.6385542169,-12.780487804,0.095785440499,10.736842105,7.9258010119,-6.6231343285,-6.1309123515,-0.52631578947,-0.36900368996,0.68965517257,-1.7595307917,7.2085325486,0.49366602234,-6.3032367973,-1.5200171269,9.9456839922,0.045515873717
2009-11-01,22.891512923,6.6293810589,4.0868779628,5.6569493308,9.9706144081,-1.5384615384,9.4147582698,12.624556907,16.419108792,12.311111111,-2.2371364653,1.867264055,3.3161156676,3.7849120734,11.988011988,13.324175824,-0.099868164034,8.9135802469,10.730593607,-2.7961387282,0.34305317331,-2.1822849809,15.636363636,11.304347826,9.4196428572,8.9349256641
2009-12-01,17.244897959,4.6216763443,4.7830995221,1.2037619194,-3.2666480938,22.222222222,4.9833887042,9.4886195684,25.310344828,25.524337159,11.660987479,2.5238095237,8.1916540606,6.4477202528,5.8413719185,1.9821814538,7.8455790786,-5.1179339403,-4.9182880589,8.7974683545,-3.5565612254,-0.36745406815,12.421383647,-2.2498677344,0.97919216641,2.3029652169
2010-01-01,5.8311575283,1.6949152543,-5.6950308571,-5.2328263643,-5.3872053873,-5.8238636365,-0.79113924048,4.0496760259,10.181618051,9.3947036572,5.047318612,-6.0380863909,-13.040494166,-10.252004581,-4.9513330512,-6.1568191501,-4.0415704389,-8.2352941177,-6.8683565005,-8.8132635254,-1.7857142858,-1.8096406042,-2.0979020979,0.42518728478,-1.191919192,-4.6465854085
2010-02-01,6.5789473685,-0.58000000017,-0.41107954521,-0.4543679458,7.617634937,-3.6199095022,-5.2312599682,-4.5147898287,-18.397944387,-16.882877968,-1.801801802,2.3727137912,4.3804262037,4.8181238035,2.9385574355,2.1071088975,6.8993180907,1.2558869703,1.2876792509,-3.1897926634,7.5454545455,-5.1490514905,4.9999999999,3.4677419355,3.1486403599,1.6849895261
2010-03-01,-1.595957163,-6.4622262111,2.5177472213,5.3455803525,0.95907486921,2.4256651017,-0.63951531465,-1.0597826088,11.965811966,11.049146043,7.2375127422,-3.4765813616,9.2627599244,11.05022831,7.1674872304,6.8844551633,-1.9850630115,2.5839793281,2.2536839064,5.6953642385,20.608622147,-6.9428571429,-4.7619047619,19.030024446,13.280475718,5.8162789648
2010-04-01,-2.6813880126,6.585524886,-1.2489258774,-2.975771698,0.46901172518,-3.9724980901,7.793551891,-1.9115317536,-5.7251908398,-5.2102950406,-2.3254290762,10.805402701,-1.5570934256,-6.6885964912,-1.5599343184,-3.3035805888,-2.3680930619,-6.3040338147,-6.6198933291,4.573934837,-9.5037846929,-1.7440320727,-12.857142857,-7.8956007879,-6.427367991,-4.0385954441
2010-05-01,6.3825378526,0.12234910263,-4.7865961783,-4.3886409971,-12.097781064,-14.160700079,-5.6624319419,-5.0847457628,-6.7099062076,-8.0798662951,-4.4117647059,-6.2713549301,-11.704407462,-6.3093366913,-6.8820540947,-7.9282530249,-12.765957446,-7.176774511,-9.0969017798,4.8532055123,-10.723348231,1.5782404298,14.918032787,-18.196399929,-5.8380414313,-6.6386293296
2010-06-01,19.230769231,5.9063136458,-4.7098412721,-6.9557106305,-5.1193225559,16.126042632,0.65409772997,10.714285714,5.3421633555,7.5514874143,-4.3594092451,2.6647286821,-5.64,-7.9420107154,-3.8254310342,-6.3076568266,2.5365853659,-9.0375586855,-9.2567567569,7.1428571428,-5.734767025,8.3636363637,4.1369472183,4.8148148146,-12.7,-3.3483488247
2010-07-01,2.4516129031,4.6346153846,21.974428269,26.263153607,23.894523327,5.4269752594,0.53516819571,2.4193548386,-4.4425817267,-3.3687943263,23.814655172,7.8338839076,7.6727426876,6.128038343,22.128851541,21.860379217,4.662226451,3.3548387097,3.6857781088,-6.2133333334,11.178707224,7.3825503356,-4.794520548,2.8476408232,11.225658648,10.798391728
2010-08-01,7.6272439854,2.3096244562,-4.2922364351,-5.5080447909,-6.117170203,17.183951552,6.4638783269,1.7415948167,-6.2719298245,-6.9357798166,-6.0052219322,1.6630196937,-7.508735586,-8.4552333734,-5.4271653842,-3.8231877304,-0.63636363648,-7.0665829145,-5.7504520796,-5.0042649986,-8.002735978,4.6590909091,0.57553956831,-11.014551333,-3.4397528321,-3.5103310375
2010-09-01,11.764705882,5.4250036932,9.2549750636,11.410524167,13.697095469,10.981912144,-1.9642857142,-3.1209362809,0.88909686474,0.15772870665,9.6243232434,8.9969866553,-2.8253424655,-3.0173943913,5.160345108,7.0408379177,6.7439865205,2.7374112875,4.7198772065,13.439090093,9.0334572491,2.6058631922,3.8626609443,3.111514876,11.561433447,6.5760994705
2010-10-01,10.526315789,11.693641618,1.719560898,3.3751801247,3.0189853718,1.5133876601,9.0710382514,7.3288590604,8.53432282,8.2283464566,2.5402201523,4.0925869018,-3.0837004406,-4.1361639824,4.4117647059,2.5755104059,-0.83333333323,-6.0855263158,-5.2766581165,0.65963060679,-3.6822366177,5.9562058494,-3.5812672178,-5.4015534985,3.555224455,1.7917584872
2010-11-01,-5.7425870785,2.9860787663,-3.3120162826,-4.1838370186,-0.21624073124,4.3004587156,-4.8096192385,6.3031515758,-3.8888888889,-4.3288468533,2.3121387283,5.9138070153,-10.862865947,-10.596301364,-3.928836175,-5.3943308909,2.6143790848,-3.6696548655,-4.3688628381,-0.41939711664,-7.575221239,-5.1670951158,-1.4285714286,-11.917098445,-0.074626865626,-4.1996236187
2010-12-01,9.543147208,10.770801429,-0.9874737917,-0.71679100483,-3.7517784188,11.984606926,-1.8360056894,-2.3529411764,-1.1116051578,1.7110266159,-3.1679617452,1.3663220088,16.256410256,15.268817204,1.9619959832,1.4067995309,15.696087352,12.408780365,11.848122267,17.391737739,2.1447721181,6.5329357549,-1.304347826,3.5006520491,3.3047050038,2.3617162691
2011-01-01,-0.83410565339,-12.511520737,-5.0101254629,-5.6246208237,-5.2832590706,2.9455081003,2.5833021342,2.4096385541,0.74839914923,0.87888151083,14.576271186,-6.0109289618,-5.8226731362,-4.8880597016,-10.086481704,-10.042211156,2.8313016122,-1.6366612111,-0.73286918278,-4.2028645222,3.8620172478,0.65349206088,9.9853157122,1.4091858036,3.7164476322,-3.9391665705
2011-02-01,-0.56074766362,-1.3695022385,4.4907970216,4.2411332714,1.0390583328,-3.2904148785,0.91240875918,-1.6470588235,4.9107142857,12.28200371,3.6242603548,0.77519379865,2.9976580794,1.3730874854,2.9686174725,3.9968519872,4.3977055449,8.4858569051,5.50018457,-0.073529411748,-3.7906137184,3.9050535988,2.1361815754,-2.2130725682,-1.3665031536,1.2151891129
2011-03-01,6.5488919765,5.1113940892,9.8212747706,4.2668821579,0.20209679351,6.7061143985,12.802893309,6.3397129186,4.9787234042,1.1896893588,-3.2055513516,6.1538461538,-7.9323740069,-5.3980582526,6.9616264127,6.2557043881,3.2967032967,0.53744515444,0.29960800111,15.280843757,0.11257035639,-1.0293479723,9.5424836602,4.7143860194,-5.2397868561,1.7853167712
2011-04-01,2.4999999998,8.7113402062,-4.9052705922,-5.776192204,-1.8950930626,5.8225508317,3.2382173773,-1.5398175685,-7.1747061208,-6.5643370345,-8.4444444445,-0.14492753626,-6.3893016345,-5.8702791462,-5.078125,-4.5978193786,0.056490671159,-11.050440539,-9.7665917171,-3.0425531915,-8.3208395802,3.0872483221,5.0137960498,-18.227848101,-1.7581296711,-3.5779896772
2011-05-01,7.7209463498,-2.4715954111,-0.89310375661,-1.1955049132,-2.6819398554,11.933097527,-2.7914614121,-4.6511627907,-2.1834061135,-1.0835372248,1.213592233,-2.0775347948,-8.0798554028,-4.635010387,-2.6375959123,-3.3649698016,2.4528301887,-6.4428274133,-5.1080001838,5.9688391484,-4.9444826612,10.677083333,2.4447031432,-6.1919504644,-2.9735470168,-2.2863364181
2011-06-01,-1.6260162602,4.5719844358,2.6856413433,2.816042735,0.78117860139,-9.7570850202,6.9932432432,1.2195121952,-2.7652812755,-0.7652846939,-4.1014745209,2.8037383177,-5.8347775853,-8.0882352941,1.6446252968,1.7360723457,8.1399631676,-2.1617592247,-1.5359070154,-3.7481880307,-12.931034482,-2.2352941177,1.1363636364,-9.5709570956,-1.5124378109,-3.4308263695
2011-07-01,-11.239669421,-9.8568411172,-6.6754010252,-6.897490139,-6.1071428571,-17.496635262,-6.3782759709,-9.8795180723,-10.292005744,-10.727824109,-5.7983193276,-4.9818181818,-13.987730061,-11.3,-13.094245204,-13.71644986,-5.3133514986,-0.76190476193,-0.92748735242,-0.38726333896,-15.685252735,3.4897713598,2.2471910113,-18.613138686,1.3942210548,-5.7369036745
2011-08-01,0.71831153691,18.458734704,-5.2740305157,-4.5296542959,2.4957735646,2.7732463293,-0.50590219225,-4.1399502519,-13.020277481,-10.233545647,-9.9018733274,0.79258316946,-2.3373203116,-2.3605799433,-7.2439090352,-7.2838659443,-1.4388489209,-11.206492662,-10.718698765,-0.64794816408,-2.348578492,3.8372093026,6.8131868133,7.6233183858,-8.7728512239,-3.9576356187
2011-09-01,-2.8837209303,1.0769230768,-2.9461110862,-1.5109425471,-5.9940690984,-22.857142857,-5.9999999999,-3.1428571428,-0.61349693233,1.6083254495,17.25831474,3.162055336,-1.8382352941,-2.3878858475,-0.37633284546,0.73514113319,-9.7080291971,-8.9324618738,-8.173076923,-4.9999999999,-6.5822784811,-1.7021276597,-10.49382716,-12.333333333,-4.7991071428,-7.3829542437
2011-10-01,9.1954022988,2.4123000794,9.0510886032,12.119832156,4.2673107891,4.938271605,3.4980165885,1.3274336281,6.111111111,10.195530726,0.85106382976,5.3639846743,15.730337078,16.109785203,12.801678908,12.714374268,8.1244947454,10.430622009,11.623036649,7.780320366,7.7913279134,6.282936812,2.0689655174,12.16730038,4.9253341986,11.493769589
2011-11-01,-3.2703183093,6.9887834341,-0.54201138646,-4.5236047612,-6.0868091423,-8.5620915032,8.0836236934,6.229985444,-3.6067481094,-0.54921841984,-4.5569620253,4.0452271171,-11.860442177,-11.074392333,-1.8604651163,-2.5001528211,2.4672897196,5.3898380851,4.3746033825,6.1358811041,-7.2910119422,-1.5486725663,-4.8423423425,-12.20338983,-4.7128803477,-2.5095135246
2011-12-01,13.035551504,10.080645161,4.2123007564,5.9914847732,-0.89216645429,-8.5060757685,11.743702964,6.6045491916,7.6644538321,14.061172472,3.9787798409,6.1658398299,7.4074074075,4.6144859814,8.3926411146,7.4891218703,8.7590456103,-4.6434494196,-2.5396825397,4.0808161633,1.5593220338,7.393258427,9.3491124262,-2.0270270271,-5.2821128452,-0.21099272071
2012-01-01,13.306451613,-4.7619047619,2.629148642,2.1670348033,14.725738396,22.1875,6.3119927863,4.2416452443,0.61659192834,-4.6554934823,2.5510204081,1.2683578105,14.827586206,17.252931323,1.4184397163,3.3609982929,-4.7222222221,18.016949152,15.394321385,12.127618681,21.829105474,-7.7737319106,4.9783549783,15.467980295,13.30798479,11.132254995
2012-02-01,11.459074733,11.769230769,2.9460084903,-0.45248275692,2.2638432498,-0.38363171352,11.309018942,6.6091245377,4.0668523676,2.0312499999,6.1359867332,0.13183915617,8.3034758898,9.3479425059,4.895104895,4.8194143785,-0.87463556847,-4.4964697138,-1.0582010583,15.708243904,-4.0547945206,7.1100917432,7.1134020618,-0.59726962463,-2.5727069351,4.3426560122
2012-03-01,1.2472252256,9.8186257412,2.5694960805,2.2632857319,-5.1268333981,-7.2528883184,10.769621539,-1.1103400417,-8.244111349,-9.226646248,14.374999999,7.702435813,-2.729805014,-1.5754923415,-4.969463521,-3.9556100592,-4.5955882353,-4.9858714848,-3.4658488008,7.4171164228,-1.6561964591,9.164882227,12.127045235,3.7453121606,-1.4925373134,-1.9768731671
2012-04-01,7.9797340089,7.1143058343,-5.1420793633,-3.8982083631,-9.132947977,-3.1329520323,12.708926298,14.773913189,-4.9008168029,-3.3741037536,12.295081967,2.8602604247,2.6345933564,3.3792796798,-11.373938143,-14.07704425,-0.81681483998,-7.8600823043,-8.8222698072,7.4361182888,-0.21248198109,-1.1675284732,-0.7499868695,-9.0757701914,1.7998544357,-4.1698961401
2012-05-01,-17.395760419,-7.1502744401,-3.645404183,-3.3063816222,-14.941200759,-16.044776119,-6.8819481208,-15.054876786,-11.341407956,-11.146530762,-12.712895377,1.8264840184,-11.174673608,-13.871723908,-2.7593818985,-2.2844755711,-4.4354838708,-10.69166279,-9.2159197854,-5.1175841795,-20.550458716,-9.9405615903,-14.021164021,-22.161172161,-11.76056338,-11.857004205
2012-06-01,5.0980392156,1.5305252011,1.0740420426,1.9175320836,-0.914957036,18.933333333,6.6799317796,7.7523159434,7.3850791257,4.3850267379,-6.2509195858,11.0612855,11.60151324,10.977443609,-3.3541785105,-3.397643845,4.6413502108,-4.5454545454,-4.6001045479,8.4354316292,-12.394149345,3.7778789258,14.461538461,-25.647058823,6.7571162543,-0.24958708018
2012-07-01,-9.104477612,1.8049398353,4.9189745769,5.6172730767,11.623143881,-7.3991031391,4.3964828137,-4.7963800904,-0.70175438595,2.7151639344,-1.6467065869,-1.6150740244,5.197740113,5.3297199638,13.058823529,14.836427939,1.1290322582,6.0846560846,6.8493150684,13.61038961,-7.4692442883,-2.4342105264,-23.476702509,16.772151899,-7.4258659357,3.2067557126
2012-08-01,8.1196997322,-0.82426127528,3.4697408026,4.4985087954,6.8981059634,3.3091202584,-11.562021439,-13.521863117,-7.9858657244,-7.481296758,6.5449010654,-4.8794226557,-3.1598703681,-4.2209141536,-2.7055150884,-1.4783329982,-1.8341307816,6.2344139651,6.4102564103,-1.9204389574,-5.0332383666,-11.440773207,-5.5035128805,10.433604336,-9.0713324361,1.7184519671
2012-09-01,8.695652174,0.81543045308,-1.444806027,-1.2421709275,8.2137229205,11.484375,-29.062049062,-9.0409453148,-7.0660522273,-1.7250673855,-2.2805175522,-5.2132701422,7.4094707519,9.9459945994,-3.2672737013,-3.4558939562,-3.1245952978,9.3896713615,7.8072289156,-3.2750582752,14.2,2.0050761423,-2.9739776952,24.171779141,8.0224985199,3.7048071363
2012-10-01,7.9298245613,7.1204516938,0.21969238824,-1.6887254513,-12.620967741,-5.9565522075,-1.1391375101,-9.3655589124,-7.8512396694,-11.409764125,4.335047759,9.375,-7.9356846473,-6.8358575521,-1.4396456258,-2.8618152084,-7.0608251807,-7.7253218884,-7.0183281181,3.6028437162,-1.6637478108,-3.956208012,-8.0459770116,-3.0632411067,5.9288656166,-3.5606252641
2012-11-01,-8.2837215821,13.762811127,21.481527041,10.975483553,1.6245009338,2.6825633384,5.6378600822,-4.9999999999,-31.390134529,-40.247678019,-7.676056338,0.81365585011,0.21622125278,-0.97790121208,8.2022471912,8.2701701196,8.4668192219,-11.162790697,-10.288461538,0.60479181211,-6.589492431,6.7442729085,4.4444444444,27.420998981,0.40053404537,0.71143197583
2012-12-01,7.4733096086,8.9170426563,6.1764090935,0.69295812482,18.357708336,-7.1117561683,2.6772882487,11.228070175,-17.254901961,8.6010362695,10.635570619,-4.3041606886,1.1851015801,2.0044543429,2.8908747163,4.8887835999,-1.9059237166,2.3560209424,4.6087888531,0.42774566482,15.068237049,8.3126550868,9.0425531917,2.3999999999,12.44680851,6.0514319519
2013-01-01,-4.6357615895,7.5627240145,4.3281621571,4.1258038003,-4.6875,17.265625,-4.4247787611,4.5492742553,12.480252764,20.610687023,13.84083045,6.1169415294,-2.5655326269,-2.6637554584,4.0247678018,2.9213483147,-8.2437275985,-6.7519181584,-7.3770491804,3.2577414526,-9.3591905565,3.6324453245,7.3170731708,-19.21875,-4.7776726586,-1.9539965875
2013-02-01,-6.5972222222,-2.3013067215,-0.23616509725,-3.2451174485,7.9508196721,-2.8647568288,8.472222222,-11.042944785,-2.3876404495,-0.79113924057,1.641337386,1.4951955867,-5.8385804235,-6.0116644235,2.6785714286,2.1406727828,-5.7617187501,-20.515633571,-8.1305309735,6.9899665552,-6.9767441861,4.8063781322,-1.7045454547,-5.2224371373,-6.1102831595,-3.9105771322
2013-03-01,2.1226066669,-5.28124642,9.9955157361,6.38662778,6.2743461369,-6.3786008232,0.8109261631,6.6551724138,0.57553956831,1.2759170653,7.9015721121,-0.742857143,-5.2901441742,-6.8289467925,3.3338680265,3.788066245,3.6269430053,16.287094548,10.475617098,0.4480566844,-8.7,3.238426429,3.1213872833,10.408163265,-7.6719576718,-1.8668152688
2013-04-01,7.3308823528,-1.0643444606,-1.5373579577,-3.573049326,-8.451730419,27.472527473,8.3403895003,16.665673346,-22.317596566,-17.716535433,-2.7222222222,2.6194588372,0.44987146539,1.6923076922,-5.402843602,-6.4906184851,3.3549222799,15.491966039,13.828931894,-10.212109935,-9.8658105684,1.0055906083,-5.3811659192,-8.8724584104,0.75985791755,-0.78435547985
2013-05-01,13.784696826,0.30562347183,3.1159181883,4.4124385329,1.4525409098,-3.9655172413,1.1244345231,-7.6728499158,12.71595488,14.032769169,11.857805017,3.6465638148,-16.383933612,-16.191731392,4.6249136192,5.9925650559,-14.00990099,-1.094890511,-0.1991040318,-4.511545293,-16.329113924,-1.4989293361,0.25972569929,-9.7363083165,-11.094890511,-4.2997674835
2013-06-01,-4.1860465116,0.64594759278,-13.703978732,-15.442979655,-11.808991998,-1.4362657092,-8.0369515012,-15.738203957,-17.844522968,-12.787212787,5.1745250994,-6.1705006766,-3.3716475096,-3.6746987951,-11.855396065,-11.162575266,-10.477835348,-21.929362151,-19.301745636,-14.025297619,-9.6822995461,-2.1739130435,-0.73619631894,-16.516853933,-4.433497537,-11.305274174
2013-07-01,-2.8432732317,4.1293291355,1.0421262454,-3.7502656463,2.4401265251,6.7395264117,4.7714716224,1.0115606936,-1.5053763441,-4.6964490262,-5.4119941493,4.9899048168,15.701823949,14.008755472,0.96501809403,1.3388975831,13.826366559,3.848750844,0.67985166879,1.2548680226,10.050251256,-2.5333333334,4.8207663782,17.227456258,6.5979381443,1.6372716354
2013-08-01,-10.918721986,-2.686358879,2.3266183987,0.10888763208,5.2828489455,-0.17064846415,-10.83413231,2.1101573677,8.0786026199,10.216346153,0.92783505152,-2.827915391,18.078148115,16.783348984,0.74334565579,0.54090403428,1.6949152541,3.8361508452,3.1307550644,-16.282051282,32.218906224,-6.520747834,10.613207547,18.369690011,10.960670535,3.6841232326
2013-09-01,14.802896218,1.9795798335,9.2106051992,9.7167088205,13.599502452,1.1396011396,3.4408602149,10.157618213,26.262626263,14.176663031,-8.7869652954,7.1052631578,-3.2069970845,-0.047236655701,7.8490113841,8.5388994308,5.1666666666,6.1991233562,9.2857142856,10.464522715,12.351543943,5.129624517,9.5948827291,2.03685742,0.11621150515,4.6529763453
2013-10-01,8.6194814296,-1.4525271612,4.1731448131,6.3254338706,15.087040619,12,3.5862785864,-0.66772655009,13.6,13.753581661,-8.2491582492,4.013104013,6.4457831326,8.2230623819,7.2222222221,10.033391636,4.2789223455,15.212264151,11.274509804,9.7042513864,28.858350951,3.3087876429,11.089494163,12.927756654,6.5493417149,3.6646413695
2013-11-01,-2.480989719,5.2127022169,-4.3768037523,-3.9036620036,-13.320401566,4.6277665995,-1.5052684395,4.5105744317,-16.61971831,-12.594458438,10.948012232,1.3586630603,2.5373863293,-0.18258448345,-3.6269430051,-4.6985687435,8.9665653497,-6.2436028659,-6.4121390112,2.6116259478,0.45464658997,-6.9372880929,1.050788091,4.7979797979,0.33566433576,-3.2696844589
2013-12-01,-1.7264276227,-1.3667425967,-5.8852935706,-4.9360559233,-3.8900106642,0.96153846152,-3.8690597712,-2.770700637,-0.84459459449,-4.6109510088,4.6430338341,-6.0146443515,1.8888888888,3.0837004406,-3.2217024065,-4.2233316663,5.4447823153,-12.718340611,-10.669456067,8.6206896553,20.738874895,-0.19960079835,6.8457538995,14.136546184,-0.44605519925,-1.8577798102
2014-01-01,-14.864864864,-5.7132788207,-10.118855296,-10.007843682,-14.385245901,-11.523809523,-0.57102069941,-8.8437602358,-11.073253833,-5.3373615307,-2.6469031233,-4.0066777964,-6.4885496183,-8.4615384615,-5.3932584269,-3.3668421894,-13.788426763,-13.883677298,-13.934426229,-15.873015872,-22.183588317,0.24050444008,2.5141930251,-16.256157636,-7.4488938674,-7.511600365
2014-02-01,1.8253968252,4.9098819141,2.3338415069,5.3339127475,-0.2782821337,-13.078579117,-3.5893754488,-9.2705713259,-4.214559387,-3.2978723405,13.920609026,-3.7681159419,-15.801749271,-16.386554622,3.3600866705,4.9549565765,-13.476664918,-5.6644880174,-7.5510204083,-3.4141958672,-8.5790884719,-4.2067916878,-9.335443038,-17.899159664,-0.15128593031,-1.1419455057
2014-03-01,-0.68817395204,0.4146919433,15.376218768,14.294875277,11.948474864,10.154798761,13.551749814,18.059405941,32,19.691969197,-3.1435667581,5.7228915661,1.0445240187,-2.351880064,9.1445427728,8.6016338299,13.636363636,15.165511932,16.114790287,-1.8604651163,-0.99108353006,12.280647989,3.4031413612,4.7082906858,-4.7878787878,7.0497303266
2014-04-01,-3.9682539684,-3.0976753783,1.961011926,6.4822183831,2.6754385966,-11.191498373,11.409836065,10.239285472,17.878787879,15.900735294,-4.4042836709,-5.5270655271,-7.9201101928,-7.1797817347,5.945945946,8.6026265308,4.5117966649,8.1720710821,11.693083704,3.9074630433,-13.008130081,-2.8102676427,2.1097046414,-14.760508308,-3.7998152972,2.4040941009
2014-05-01,8.2135277869,-2.699386503,-6.6361905279,-5.9076853035,-2.4020765346,-3.8107752956,-3.2174737483,0.87636932694,-10.554209051,-11.373949227,5.7572614109,0.12062726182,0.21436634252,1.6060019463,-4.142857143,-5.1243713469,11.292134831,0.70377479205,0.72420036213,3.125,0.35046728972,-4.2764793634,3.3581437958,-9.5183486238,-3.4013605442,-0.74962228337
2014-06-01,-2.9535864979,-0.630517024,1.4815296268,3.378030346,10.478313488,-3.7568306011,12.203360032,5.119453925,-3.0349013657,8.4710743802,-0.73565473285,-0.60240963867,-2.9257314329,-4.1692213365,1.9354838709,0.80837035985,8.8339222615,3.176620076,3.5949670462,8.1267217631,9.4295692665,2.4415584416,6.25,-3.9290240811,2.9577464788,3.7647104744
2014-07-01,-7.6521739131,0.40492354638,9.8032083646,8.0573093204,11.549295774,-0.42583392478,14.436183395,3.8961038961,-2.1909233176,3.7142857143,6.7360079247,3.0000000001,3.168469861,3.262955854,9.2059838895,9.8419652637,-1.2059369203,10.775862069,10.468478889,-14.692144373,21.808510638,-0.60851926983,-6.9659442724,6.2005277045,11.320109439,5.0048901596
2014-08-01,3.6333871103,4.0204211869,13.174780087,18.070507333,26.558913345,8.6956521738,3.735787764,12.670454545,30.4,13.406795225,1.2064965196,10.355987055,-2.4787404801,-1.3022063236,15.860976256,16.117168437,15.492957746,23.068371317,22.251308901,6.4708810354,-14.23580786,7.5449897291,4.4093178036,0.37267080734,-10.537634408,9.7780723279
2014-09-01,-5.8447488585,-1.5950920245,-12.502564985,-14.64810142,-26.926844476,6.2295081969,-21.764091858,-15.935451336,-19.509202454,-18.218623482,10.96725278,-6.4333561603,-9.1049382717,-10.781841109,-14.836931557,-16.049076713,-15.934959349,-22.086720867,-22.526766595,-7.5268817205,-11.405295315,1.537023072,2.7091633467,-21.163366337,-7.7953296704,-11.7037593
2014-10-01,-15.712900096,3.7021832974,4.2865295822,7.1843070602,9.6047430832,11.913580246,-5.0700466979,3.8092381523,-5.1829268294,-7.1287128712,-0.66252587994,-1.9180470793,-5.857385399,-5.3003533569,6.6882416397,8.5511741248,-1.5957446808,-15.072463768,-15.533443891,-1.9716885741,-5.172413793,2.017809224,4.4996121023,-10.518053375,-3.3939772055,0.94798115133
2014-11-01,-6.5268002542,2.743902439,4.6606173641,6.0617056177,7.1672304142,6.1776061777,5.5208902855,6.6405989379,-3.2154340836,-17.697228145,-1.4589412254,5.5718520895,-1.2492006767,-2.7521985628,5.9656218402,5.0769021369,1.1793611793,-17.064846416,-16.230366492,-0.92831356387,-26.545454546,1.1844698982,-7.4981440237,-8.7719298244,-6.8000000001,0.17573405585
2014-12-01,-10.383189122,-2.9673590504,-8.4830760144,-9.6926892988,-18.723964512,-9.0909090909,-5.3626455652,1.6997167138,-3.6544850497,5.9585492229,3.9246651848,-2.4228439573,-12.110091743,-13.010007698,-9.9380082146,-10.327847609,-17.338513842,-21.069958848,-21.71875,-11.452368557,-7.9207920791,-6.7623429506,-5.4574638845,-2.8846153845,-5.965665236,-8.6196184489
2015-01-01,17.655172414,9.3286805029,-2.335523387,-3.7354019046,-13.083718973,-28.857142857,-9.3607305937,-13.091922005,-11.551724138,-24.938875306,-2.8641571196,-7.9515223175,-4.9060542798,-12.920353982,-2.6624068157,-4.8720543587,-16.803760282,-16.162669447,-18.363273453,-21.810699589,-22.642667478,3.8159458936,0.50933786079,-33.663366337,-15.0616157,-6.1991321215
2015-02-01,8.5580304805,4.0272263186,11.979708064,12.029213563,15.242858947,2.81124498,8.9840470193,10.576923077,4.2884990255,12.866449511,4.8862679023,7.2575465641,11.635565312,13.414634146,13.716874788,13.744559664,-1.4124293786,17.910447761,16.992665037,27.368421053,23.798076923,12.150589662,0.67567567567,23.283582089,14.185921547,9.9686613938
2015-03-01,10.239588855,1.0958904109,-3.1209699318,-5.25563416,-1.8708519967,-14.0625,-1.2326656394,-2.4637681159,7.6635514019,-1.8759018759,-1.2473015305,5.6886227543,0.5576863121,-2.5429840985,-0.94292803969,-3.2205015758,3.1518624641,1.0548523207,1.671891327,4.5454545454,9.7121442908,-6.3678160919,-10.738255033,20.338983051,-15.576470588,-0.83942384117
2015-04-01,1.2257405517,2.6558265583,-0.24346378268,8.4595483748,16.193801833,20.608372667,13.494539781,3.4871649235,26.736111111,30.147058824,-4.1836221794,1.1331444759,-1.0826771654,-8.973172988,6.3126252506,9.1656041932,30.6975053,48.747390397,34.121274409,2.5211470689,48.61878453,3.1586427873,-9.3045112782,20.786127586,30.440528423,9.9296187684
2015-05-01,0.50475745247,-2.8511087646,-12.732508704,-12.230793773,-12.981627448,2.9365079366,0.57355810022,-3.361840165,-11.643835616,6.5355507033,1.5319148935,-4.4979153764,-13.18010586,-20.544311826,-8.5579641846,-10.865896404,-4.7619047619,-7.0175438596,-5.5172413793,4.2134831461,-23.667905824,-7.8285750964,-0.71302720562,-14.572864321,-11.479028697,-6.1694143591
2015-06-01,-16.565656566,4.3675835714,7.5335946794,1.7742342437,8.1309619014,5.0115651504,-16.361071932,6.6524259993,-8.8372093023,-9.1201716739,-0.67267742961,1.0044313147,-13.610149942,-18.333333333,1.1925042589,-0.27684686002,-0.41176470586,5.8867924528,3.0819140309,-11.051212937,-16.071428571,-3.1413612565,8.7048832273,-19.215686274,-8.7780548628,0.60652009106
2015-07-01,-5.5690072639,1.884816754,-1.082295881,-4.2166386248,-9.1845140033,-7.9295154186,-20.404721754,0.94420600872,-1.5306122448,0.82644628092,1.0143702451,6.0251535539,-21.228304406,-45.054945055,-5.723905724,-3.2656044437,-16.7749557,-17.462580185,-17.387883556,5.8787878788,-16.247582205,4.5135135133,-8.30078125,-4.6116504856,-2.2963367961,-4.1748304446
2015-08-01,-2.435897436,-1.901336074,-8.9448449061,-15.445160905,-18.519143573,12.200956937,-20.338983051,-12.131519274,-13.989637305,-12.060889929,-3.685082547,-6.1790214349,-10.074332088,-13.333333333,-12.351258706,-10.573504243,-17.033356991,-8.2901554405,-12.476190476,-9.9599313109,-19.168591224,-10.499486902,-6.2832800852,-24.17302799,0.27979854513,-8.3339886757
2015-09-01,-10.902329344,2.5127903366,-6.0917353573,-6.9927628548,-13.344498394,18.479033404,-7.0478723404,5.2903225807,5.4216867469,16.511318242,10.966057441,0.65593321415,4.1904761903,-2.9900332227,-1.7205781143,-0.094215187346,-1.1976047905,-19.585687382,-21.218715996,0.69930069931,12,-10.091774273,-14.659090909,12.416107382,-7.4776785716,-3.3587131367
2015-10-01,25.971298748,-1.6992790938,-0.69071794742,-1.8750218672,5.0657894737,30.653869226,2.4320457798,-0.42892156862,-4.3809523809,7.7714285715,10.901960784,0.32582938384,-0.73126142588,-10.958904109,0.84033613439,-0.094357425951,11.082251082,9.8360655738,6.4917127072,5.6818181818,10.714285714,9.5126347092,12.516644473,-17.014925373,4.9622604558,1.7954237777
2015-11-01,-5.644220146,-2.3572551073,2.5457291813,0.6578131386,2.9506858586,20.385674931,-7.8212290503,-11.692307692,15.338645418,10.074231177,7.496463932,0.11253551438,13.152907892,-23.846153846,0.69444444453,5.0463050464,-15.822291504,0.31982942437,-0.51880674455,13.022700119,26.728110599,-4.2762015432,-9.4674556211,-20.863309353,-22.801875733,-1.6307665474
2015-12-01,-5.3218174488,-3.4334763948,-11.195863862,-4.2996796882,-8.085597143,5.3394355453,-7.1212121213,-15.331010453,-0.518134715,0.57803468208,-0.55179827623,0.089659294645,-23.770491803,-16.161616162,-3.4017121586,-4.5179318389,-8.3333333334,-8.9266737513,-12.646675358,0.052854122441,-27.272727273,5.7906615435,-10.326797385,-29.545454545,-1.0630220197,-3.9250886525
2016-01-01,2.3876404493,4.5378151261,-4.3573501789,-5.7668876766,-6.0379918588,-13.106444605,-1.0224827038,-9.2592592592,1.0416666666,-3.7356321839,-4.7366677708,1.0450880862,-22.580645161,-37.951807229,0,-5.1871556145,-17.97979798,-19.136522754,-27.76119403,12.625462229,-11.25,-8.3430502833,-7.1428571428,-45.161290323,-25.402916347,-6.7913908049
2016-02-01,21.9478738,-4.8030221263,18.888513809,17.695695994,-2.2382671481,6.25,-0.6768189508,4.8979591838,-2.4054982817,-2.7860696518,5.006954103,4.3144208037,-1.9444444444,17.475728155,1.9054806471,4.6440309879,-0.24630541857,6.0606060604,6.1983471074,6.0506566604,46.478873239,9.5161290323,9.1051805337,5.8823529411,21.502057613,5.9101596336
2016-03-01,-12.299911253,6.6893424037,29.358708646,26.960786104,47.543975223,-8.1960784313,37.819420783,23.865110246,16.725352113,7.4718526099,-20.889204521,3.909348442,84.702549575,100.82644628,20.058780309,22.946622021,22.469135802,44.62585034,62.451361868,6.0592658117,37.5,13.09460041,15.107913669,104.542268,28.281117697,16.970065198
2016-04-01,19.35483871,3.0286928801,2.7804524125,5.3180648421,11.836115326,10.886697764,-15.327564895,3.170416564,17.496229261,22,-13.752620545,4.0076335879,19.785276074,19.75308642,5.9975520197,5.3694502325,4.3278374764,24.83537159,22.51497006,11.127897366,83.776223776,-0.93792363041,-1.9482262443,38.121546961,29.9669967,7.7015283188
2016-05-01,8.4498215389,-1.4440433216,-12.690358406,-11.903274295,-24.918400939,-14.460285132,-13.452660327,-16.354645002,2.6957637998,-2.4199843872,-8.6047642199,-6.1925920149,-28.681177977,-33.676975945,-9.3071593535,-11.581190077,-12.621359223,-23.285606632,-21.407624634,-3.0681818182,-50.228310502,-3.0319676998,-6.8062827225,-33.2,-27.780599289,-10.089037284
2016-06-01,4.7047047048,-0.31397174253,11.006539759,11.379515032,5.1789895426,-9.3333333332,29.307282416,23.39527027,60.5,40.88,-6.706416335,7.97632469,5.7450628365,3.6269430053,6.5263157892,4.3568107456,25.222222222,13.064833006,17.164179104,13.638139898,19.571865444,5.7342657343,-3.9325842698,17.964071856,14.416315049,6.3027377195
2016-07-01,9.9426386232,-0.64656552086,8.2136078048,12.712548406,22.526193248,-2.6260504202,24.862637362,10.027378507,37.30529595,26.519023282,-15.257142857,10.180109632,31.578947368,37.36,10.144927536,11.573386164,29.103815439,21.720243267,26.008492569,5.9147180193,41.560102302,5.5406543044,21.49122807,90.35532995,13.706207744,11.221519233
2016-08-01,-8.9445555768,2.0744680851,-0.31829549544,2.5367727567,10.954821398,30.043149946,-3.7403740374,2.5194401243,27.793533749,27.917414722,-3.3715441672,-5.4205777961,17.525900147,36.397058823,3.8134875947,7.3352153353,4.3986254295,5.210563883,8.256107835,-4.5779220779,-22.312556459,0.47738693465,0,-7.4666666667,-8.4324324324,1.0347595449
2016-09-01,-7.1153846153,3.2829598751,-2.5196741073,2.166487628,-1.2213592898,4.1476565741,-1.9428571429,2.0327669903,-14.513981358,-16.245614035,-2.0992418371,-1.282051282,-2.422907489,-7.5471698114,-2.8538147933,-0.87902888235,4.5424621461,2.7137042061,5.6031128404,2.7220142905,5.6976744185,-2.6506626656,-4.933814681,1.7291066282,5.1357733177,0.80482202375
2016-10-01,9.8343685298,-4.9949545914,14.292877579,15.217908405,28.464912281,18.335152063,13.636363636,8.6827237583,23.052959502,14.578969417,22.412562455,5.3246753247,24.379232506,38.483965015,13.189448441,18.969159273,10.516372796,23.117569353,30.361090641,11.626366346,18.151815182,-2.2531424273,12.151898734,27.76203966,23.975294778,11.234087755
2016-11-01,-1.9667300311,-8.1414033208,-8.1114084824,-10.982653038,-2.3183328263,-2.7237354085,-18.974358974,-20.793433652,8.2278481012,3.5831809872,-3.3819241982,-9.9794276345,23.140148627,22.947368421,-8.7923728813,-7.7243714993,-14.643874643,-0.9120171675,-9.5534200113,-11.097922848,15.73556797,-2.5198938992,-6.3205417607,-7.9822616408,27.083333333,-4.6485121065
2016-12-01,-2.3414634146,-3.0680971431,1.0234547819,-1.4298653695,-1.1432486313,24.545454545,1.7473180438,-5.4922279793,-11.072124756,-8.6127779738,-3.43995172,-2.370990237,-20.295202952,-17.808219178,-0.23149149765,-2.964815492,15.887850467,-8.2837033026,-7.0625,-3.9052069425,-12.711182622,-0.95238095237,-5.6626506024,-1.2048192772,-7.9441241371,-2.7121765257
2017-01-01,3.7962037963,5.303147994,10.361182184,12.832960407,10.751156995,-4.99270073,18.547341115,17.507309942,-8.6804033319,-4.5577443028,12.5,2.2857142856,12.962962963,17.083333333,12.077294686,10.063543667,13.306451613,-4.4273907911,1.0087424345,8.8919763808,6.4516129032,5.8936629788,14.303959131,28.048780488,25.31152648,7.3770900095
2017-02-01,13.763233878,3.7209302325,1.5792857075,2.2616682149,6.3966570235,-0.64535955744,16.958424508,4.8211508552,3.1685069611,-0.44516390117,-0.38888888894,3.2960893854,6.1475409835,4.2704626334,10.691575612,9.6061307308,13.472292831,-1.4206300185,1.0652463381,4.8803827751,3.7229437228,-1.9376800209,9.0502793297,-6.0952380953,1.6780609072,3.0802535952
2017-03-01,4.8000084658,2.2421524664,-1.7243631177,-3.0563689736,2.3193541658,-1.7939993813,-3.4611786715,-2.8486646885,-20.428106096,-10.284552845,-2.8060106494,-4.3537047052,-15.907335907,-15.529010239,-5.2369077306,-5.2855179307,-11.46953405,-5.07518797,-4.5454545454,-0.88199513375,-23.956594324,-4.9532347344,3.4836065575,-9.939148073,-8.9547677259,-2.5171762023
2017-04-01,8.1300813008,0.10964912289,1.6141787009,3.241178174,-2.7243115193,7.5275590552,-13.953488372,-10.904092852,5.6140350876,3.7607612143,-11.093702576,-3.8733389878,-10.009182736,-7.0707070707,4.1052631579,3.6294047775,10.576923077,-5.2145214522,-3.5886818496,-6.7634812714,-14.928649835,7.8466158566,2.1900522808,-4.0540540541,-4.7115368814,0.64477409833
2017-05-01,-9.9434341303,2.4644030667,-8.5352290518,-9.337241714,-13.133445743,-2.9584065614,-11.61908189,2.2897477391,-23.864894795,-18.60112568,4.2317708334,-0.57922524211,-2.6530612246,-3.0434782609,-9.5045500506,-9.415212129,-2.5629290618,-5.1532033425,-7.229778096,-0.92244619063,-11.483870967,2.0264793298,-3.3138401559,-6.8075117371,-1.0921004732,-4.1160191428
2017-06-01,15.210084033,-1.2718578395,2.0987433012,2.3602074811,-5.1598462013,3.2297011772,5.7591623037,-11.921005385,-9.4545454545,-4.9246813442,-5.2550223204,2.2610792887,7.7568134173,11.434977578,0.95131505332,3.4191642044,5.260685768,-3.0837004407,-4.5524691358,9.172413793,4.664723032,-3.813559322,-1.3104838711,15.869017632,6.7353698932,0.29978791608
2017-07-01,8.6068563091,4.5876570181,9.9946418432,8.0473890566,7.0895522389,9.0935672513,5.4455445545,5.6257643701,8.4337349397,1.5843997562,4.2300066094,3.1839622643,3.6964980547,5.8350100604,2.5498891353,1.5924867292,0.62472110658,4.5454545456,7.4373484236,5.9696778269,6.1281337048,4.226291634,8.6823289072,12.391304347,7.9310344827,4.8029380436
2017-08-01,-6.769923627,3.7075718015,7.0261042176,11.29798904,7.6804649954,2.1441972662,-1.6431924883,10.922423774,30.518518519,23.155368926,13.696892834,7.4618088493,11.364792251,7.6045627378,11.15638067,9.2533376484,-8.6474501109,1.231884058,2.7088036117,-4.1728763039,14.04199475,8.8624338627,6.0150375941,33.268858801,12.076677316,7.456083131
2017-09-01,13.768115942,5.9415911381,3.620237203,4.4354132444,13.937730464,11.335607452,-4.7732696898,-1.7745302713,12.145289443,10.521188504,-0.0075889074651,0.41551246559,-6.835443038,-6.5371024736,8.296514482,7.4748977315,-4.708737864,13.171080887,12.087912088,3.5147744946,10.586881473,4.7873633048,2.3936170213,12.917271407,-9.150513113,4.8824134381
2017-10-01,10.191082802,-0.66539923955,-1.8062038682,-1.0025710415,-1.3180515761,23.403252416,-0.072283310783,-11.477151966,11.589068825,11.679153812,-12.409167132,-1.2413793105,-0.81521739139,-3.4026465028,-4.9864007254,-2.9652705664,-6.8772287316,10.18342821,9.6078431372,-10.456730769,-12.27887617,0.86002348617,5.0216450216,13.23907455,0.72168183233,0.020163268709
2017-11-01,-3.5531691998,-1.6267942584,-7.2713948174,-5.8003208266,-12.506041839,-13.292589763,-14.618369987,-7.6830732292,-15.056689342,-15.706393054,-0.12763241866,0.70317173595,1.4763209394,-0.37108915085,-0.95419847321,-1.8199119781,-11.92560175,-8.4385763491,-8.2886106142,9.7315436244,-12.692763938,-10.110803324,-2.0504569608,-2.8376844495,9.4704049845,-3.145670165
2017-12-01,5.1204819278,5.0594990746,8.1722165101,6.3257688187,6.6015418948,-2.8740372426,4.0909090909,8.1491114001,3.2568072611,6.2734082398,28.375829752,0.22579734687,11.732851985,14.201183432,6.015407341,3.5759745086,3.6645962733,6.0188087775,4.6814044214,4.98470948,13.858695652,7.8948912407,11.016949152,6.3084112151,15.794136248,6.1567723329
2018-01-01,-8.424068768,3.1484962406,22.741822991,20.450102692,24.701445632,15.255423373,9.1703056769,2.4188995672,5.1189245087,4.3612334801,0.099999999838,1.2109264995,16.316639742,18.825561312,22.458410351,22.776929402,-0.53924505692,25.96096984,22.360248447,5.9714535391,31.145584726,5.703883495,3.0534351145,30.32967033,2.9557873821,11.139251706
2018-02-01,8.6511434125,0.54844606948,-6.3141655381,-4.8133663839,5.3427419356,-6.0109289617,9.4666666668,3.4271725825,21.839645843,17.771211482,8.6913086914,8.9315525876,15.416666666,14.53488372,4.8904844907,0.71951274458,-8.0120481927,8.6854460094,8.9340101522,3.490929082,-7.6433121019,-3.2835820894,4.4444444444,3.8785834739,8.6851628468,0.51923917144
2018-03-01,1.4997332721,9.4090909091,4.5014670382,1.9325054536,-1.0810926023,3.3591731266,4.2630937878,2.8796844181,-15.220024222,-13.620071684,-0.86984763884,0.025542783987,-6.5650903273,-9.3908629441,5.2270125907,1.8763029881,-11.263916175,0.90712742967,-0.2329916123,-7.0385126163,-13.30049261,4.9382716048,2.1276595744,-11.363636363,-5.2396888209,0.014012296924
2018-04-01,-9.7687861271,-3.0743664312,-8.7399022323,-3.6777452792,-10.553253716,-4.8958333333,-1.1682242989,2.7223926381,-9.1904761904,-5.3941908714,3.0509553111,-3.0046419817,7.4193548387,9.5238095239,-1.3052936909,-0.5556097085,30.520574188,5.4366438357,7.2863148062,3.4409954369,-0.22727272735,2.5338654646,11.068264367,0.25443218747,15.304430229,0.87850416494
2018-05-01,-15.067526299,-15.602228889,-18.199562105,-15.572915226,-16.689362991,3.7376114427,-3.6397197277,-12.280701754,-23.282642895,-26.535087719,1.5808491416,0,-10.695013328,-12.469586175,-17.487141808,-15.717227179,-29.589509692,-9.7517651061,-17.205224205,-25.625711035,-12.300683371,-5.9183673469,-15.355837249,-24.311926605,4.02712143,-10.871318171
2018-06-01,-8.1942336873,-7.8974098527,-6.4588636413,-7.7233689984,-5.3831793157,11.8061674,-4.8239895697,-6.3431982133,-16.678058783,-19.104477612,7.9601688269,-7.4614760746,-6.0135135135,-9.2511013217,-9.9478307398,-6.1096241126,-8.9068825912,-12.483100495,-9.4309799791,-10.936902485,2.0779220778,1.687153531,-1.7151379569,-11.272727272,-2.0541181117,-5.1998726835
2018-07-01,5.3719008265,7.9532814238,15.253384075,14.382273533,13.438045375,7.7817178881,12.739726027,-6.4781021898,41.673502871,42.287822878,-20.651277824,9.2316681275,19.913731129,24.433656958,13.507625272,11.593304401,16.266666667,12.976313079,14.71785922,7.3422069558,16.79389313,-10.455276364,-5.2037525087,21.174863388,10.586811857,8.8753385673
2018-08-01,-4.4219049006,-2.8851107675,-9.8805066505,-6.9851911793,-6.5236492395,8.2251873515,-9.3560145808,-0.53658536581,-8.3960625361,-6.1203319501,1.8181818183,3.5574569376,-2.9853915728,3.1434854185,-5.9927152715,-4.3683551588,6.1162079512,0.86324509175,-2.0883666984,-2.4,-4.3572984749,-2.6077700905,-0.8870967742,-9.019165727,0.59356845941,-3.2099165317
2018-09-01,1.2396694216,-2.7055702918,2.6201060124,1.090035639,-1.8556837525,-1.3004560041,-4.0214477211,5.0024521825,-1.95954488,2.8729281767,1.2266905709,-3.8482384824,7.1695760598,1.5267175573,5.4830287207,4.437344693,-7.9971181556,9.7373188406,9.5015576322,-3.3196721311,6.3781321183,3.4507634264,-4.5565500407,3.0978934325,11.562849683,3.4754640636
2018-10-01,24,-10.905125409,17.555125393,19.717378974,45.161290323,-10.763175907,54.05027933,22.512844465,51.515151515,42.857142857,5.5471507816,12.175873731,-5.410122164,-0.50125313282,11.287128712,11.640031735,30.540328896,25.134131242,30.962541489,18.4824078,2.4625267668,7.438016529,-1.1935208866,23.557692308,-5.1989301237,10.185117849
2018-11-01,7.3074391046,3.5495716034,11.101513324,12.186987182,5.3962752198,3.8926174497,15.23118767,23.903926801,3.9574468085,6.4661654134,4.1567128525,10.740210955,-3.9838821515,-6.6873170401,9.7864768684,9.7390068042,-5.9388122377,-6.8828633384,-7.4527311941,1.0017889088,-7.314524556,10.923076923,2.329594478,-9.046692607,-6.8947275614,2.3797706683
2018-12-01,4.4171779142,-7.2322801389,2.8793080677,2.5298417724,4.4730013307,-12.550756736,10.234488943,-2.5322158523,-0.81866557503,-0.52966101694,-0.50411689763,-2.5986990932,-4.2635658914,-5.1912568305,-1.8809832531,-1.3723413436,5.2295918369,-9.5178401033,-7.9283627301,11.583421891,-0.33821871484,-2.8190920213,-0.084317032088,-1.3903743316,-3.409090909,-1.8063544177
2019-01-01,17.8613396,13.849154746,18.99386843,17.157238496,11.550871155,10.299704516,-0.072150072174,15.58101473,54.35410648,44.479943202,-10.793357933,26.741368867,5.600539811,7.3487031699,11.754966887,9.2856136398,20.848484848,16.338582677,12.78659612,37.682539682,15.384615384,0.75078711561,6.0111875655,7.2374225927,-10.784313725,10.816674587
2019-02-01,-4.3868394816,-1.5990862365,-4.2555513266,-4.3562183271,-1.3340472105,4.094910065,3.9711191335,1.2177853299,-1.1229946525,-4.2506142507,-1.3443640125,-1.6487455197,-3.2587859424,-3.6241610737,-2.8972406529,-4.5935942753,-0.45135406217,1.0490693739,5.7857701329,-9.2690800091,28.235294118,3.6778846154,-4.6774193547,-1.5290519877,3.5164835164,-1.8578194185
2019-03-01,0.23461939527,-2.3215322113,-1.7195291128,-0.71837931791,-3.4351890724,-6.4338235295,-3.4722222223,1.8466703974,-0.78420767977,-2.8483448807,-3.3018867924,3.7657920311,0.66979236417,-0.27560077424,-2.995951417,-2.2291637086,3.5264483626,4.3201607503,3.6954915004,6.7344345616,24.235474006,2.945055208,-0.25380710658,3.933747412,8.1316348194,-0.17763368178
2019-04-01,1.7555266581,9.7445038622,-1.6636252355,-0.51590062403,1.9704433498,-6.1296660118,6.0431654676,14.250182018,-8.587805086,-4.7068010619,6.4498644986,4.1676422383,-6.5389696169,-4.3600562588,-0.58430717863,-1.699840186,4.0644662684,-3.8202247192,-3.3180744769,14.699306711,-10.523076923,-2.1045186028,-0.84817642073,-13.373977568,-1.6296878068,0.98388547831
2019-05-01,17.31629393,-4.9810503519,5.3809933637,4.0464629743,5.254889796,-10.464629552,3.3556236745,16.504854369,5.2293577981,2.9437229437,-3.5132382892,4.3432178863,-1.4768611982,-4.1074891496,4.0302267002,3.5043619695,-10.618216139,-5.4460535068,-5.3972077606,-5.9361702127,19.348017665,3.3263453783,-5.9024807528,-4.9826187717,-2.1956087823,0.70261193887
2019-06-01,11.165577342,1.9373219373,2.5041869683,2.05250615,4.368337879,-18.115942029,0.60975609758,1.2499999999,2.4411508282,0.92514718253,2.4274406333,-6.1528497411,9.5890410958,11.728395061,4.2037186742,3.6444190368,2.32312566,6.340772228,7.2798434445,6.9215109703,1.0278113663,-1.1927034613,5.7272727272,9.0243902439,5.7551020407,4.0573709332
2019-07-01,1.6658500736,12.52096143,-6.4651445189,-8.0766648139,-8.750463478,-2.8261490153,-4.7811447811,1.1316872429,11.744680851,9.9999999999,-0.51519835142,11.042097998,-9.5394736841,-8.1491712706,-3.2583397982,-3.9315767693,-0.15479876156,-4.0972684877,-4.8522437068,12.968055849,-1.0771992818,7.8815640642,5.0730868445,-2.0029341626,-3.8788112698,0.83683612102
2019-08-01,19.421686747,-7.0044709389,-2.549156956,-4.4397349747,-5.162263336,-17.097532315,4.3847241866,6.002034588,16.628585936,18.560606061,-7.0429829103,-6.8158276363,-5.8804123712,-5.4125698862,1.2499423552,-0.24244013703,4.6511627907,-1.0959200094,-1.4555485915,-3.1835205993,-13.127646702,2.1555555555,1.912533629,-9.7142857143,-8.5123469182,-0.66546098187
2019-09-01,4.5197740114,2.8311965812,3.1954115359,3.0037892289,-1.1420912841,15.237420269,-2.9132791327,-4.7792706333,-12.603395733,-10.500532481,-0.2228412257,-1.3116940861,2.2533022533,0,7.4164629177,3.257184967,-5.1851851852,6.6501591793,8.0392156862,-4.0618955513,-5.9251485113,-2.7191646725,-3.1707317075,-1.1392405064,4.7838490234,3.5702021296
2019-10-01,5.1737451739,-9.7142857144,8.3220374723,6.9321386642,5.8474389976,-12.422287763,-4.7452896022,12.215279177,-1.4694894148,-2.4512137078,-2.1217197097,1.9599008785,2.0516717324,0.64000000002,4.0212443097,3.4699414535,3.6458333332,8.4577114429,10.308529945,10.120967741,-10.808767951,-0.49194991052,-2.778601257,-7.042253521,-1.1518324608,2.3624062631
2019-11-01,16.666666667,3.8550057538,-4.8200904421,-5.0663393299,0.081583436258,1.046931408,-4.3956043955,13.61595114,-11.923075539,-12.344474262,2.6811180833,3.3362792754,26.914515433,24.355672989,-3.209336251,-3.9072207648,2.8643216081,-4.0078430062,-3.4461096653,5.0897107287,6.440677966,4.0449438202,18.563922942,17.217630854,5.8898305086,0.94520761686
2019-12-01,4.4682190057,6.1515408104,10.708354583,10.124959325,10.887243652,6.6452304394,7.8295472364,13.228775973,8.527131783,6.4291678264,9.6111111112,12.280580591,17.647058824,18.974358974,6.3861665893,6.7678451833,16.072300928,2.5641025641,4.959621775,5.5052264808,12.340764331,5.9179265658,15.731166912,11.750881316,9.4685077074,6.8482263496
2020-01-01,7.9518072289,-4.3920728442,-7.9387539838,-9.0222666398,-8.1029912914,5.6951423785,8.4118926759,6.2979585928,3.7566137564,6.8776150629,-8.0587937151,2.4606299212,0.25000000005,2.6939655172,-8.7295954579,-11.500606714,-3.6195286195,-5.15625,-5.7322730284,0.72655217955,-8.5754783841,8.4483670313,7.55372977,1.261829653,-5.6848030018,-1.6297846502
2020-02-01,-11.861881224,-18.543417367,-12.736427521,-6.9374634038,-2.5934940683,-14.770206022,-6.6220735786,-2.3290656497,-11.958184599,-12.282848054,-6.5049614113,-8.6839577328,-15.561097256,-16.579223505,-3.3762091811,0.52245748084,-5.2838427947,-10.543657331,-10.931458699,-3.6885245901,-13.333333333,-7.1987779264,-3.7014925372,-15.160955348,-11.85597772,-8.4291068513
2020-03-01,-26.569435637,-18.019257221,-31.030563502,-31.926807755,-40.182422052,-35.961323912,-36.1747851,-25.393947845,-30.900666088,-27.391910739,-43.75,-18.114874816,-40.532544379,-41.361916772,-26.855713094,-27.809910896,-55.50945136,-47.918968692,-44.790844515,-33.429787234,-37.567084079,4.4374517756,-22.876627402,-39.779681763,-2.4599413225,-29.904329943
2020-04-01,18.264248705,-4.865771812,2.7886180002,1.5173102924,2.1871638581,22.764227642,6.8462401796,1.6822429909,1.6345347864,6.9535151748,-9.3291404613,0.51387461463,16.815920398,10.752688172,2.6225769669,-1.3217768148,17.720207254,31.89533239,29.020729092,5.9455005761,28.366762178,-8.1491785247,2.5723472669,-1.5306315249,3.7945395652,10.252197487
2020-05-01,-9.3464768165,10.052910052,1.4703747049,-0.94167534144,8.2105263158,31.220435194,13.445378151,16.360294117,18.06185567,10.272988505,-17.341040462,8.4100204498,14.395229982,19.805825243,-1.5555555556,1.2524719843,22.535211268,11.742627346,12.686980609,35.528942116,15.30486401,3.5330207249,6.7398119121,28.125,18.145341061,8.5667023866
2020-06-01,17.921868707,13.301282051,6.6169695654,9.3396112354,4.2477302206,-16.294160058,2.037037037,-3.9178515008,8.2780300383,5.016286645,13.146853146,-0.75453902364,19.210722264,18.47649919,8.4841628959,10.532030401,19.109195402,7.1976967371,5.9488692232,6.2223858615,3.4883720929,3.3746262281,4.2584434656,18.211382114,5.5094339623,8.7562965811
2020-07-01,7.4453551913,-1.6973125885,9.4333531159,8.5030950932,4.4479004664,-1.8087855297,8.8929219601,9.1417296942,24.229782881,24.745777384,-5.933250927,9.6935138989,8.9943785135,9.9863201094,11.261730969,5.7204639275,13.992762364,2.640759305,3.0182837878,5.459272097,14.700374532,9.7282019387,10.915492957,11.829436038,8.5658082975,8.2650594146
2020-08-01,18.40432295,-11.43884892,-8.1239273465,-7.4966930451,-1.4475320774,-6.6228070175,-6.6989364703,-6.9297981319,-3.871142393,-6.6579973993,-3.5479632063,-5.9784798148,9.3982808023,9.3283582089,-11.437437767,-12.179644938,-19.947089947,-1.6740088106,-1.3963963964,-21.528348398,24.163265306,-7.7245053272,-9.0793650793,24.846248462,-1.6965903476,-3.4428266259
2020-09-01,2.5503355704,1.868399675,-5.2240827441,-6.3287311794,-8.9876893101,-2.348520432,-3.3588298903,0.37228876645,-14.615601239,-13.095569796,-14.986376021,-5.348346235,8.9575694081,6.9397042094,-6.4824654622,-4.3977055448,-4.1639127561,-11.424731182,-10.415714938,-1.9895287958,8.4812623274,-8.309417583,-8.7988826816,-1.1822660098,3.1852320375,-4.7960257283
2020-10-01,6.0732984295,-2.8708133972,0.92886302391,3.9651527079,0.60769750162,9.8605098605,1.4851485148,-0.40316078048,2.4406332454,-0.6412311639,-3.3653846153,-1.1400247831,4.8557692309,4.255319149,3.2954545455,4.4251723371,33.034482759,-3.894790086,-3.4166241712,-9.1880341881,24.484848485,-3.2645658581,-7.7791618472,8.6739780658,2.4361360176,-0.68811494893
2020-11-01,-0.91312931881,14.778325123,19.262876568,20.645509274,14.280765562,-1.0507880911,23.219512195,10.540803108,0,3.2591158439,34.328358209,6.141890198,4.1775584707,5.4230886382,16.391639164,21.713189857,20.269569725,34.473684211,31.46779303,4.7999999999,14.459591041,5.4411702658,13.839662447,25.229357798,28.819157721,15.902648575
2020-12-01,4.607721046,14.905563882,13.573878975,13.453139658,14.938825793,4.2920353982,15.281076801,14.422183715,18.06181584,15.625,9.2592592593,5.8868616728,8.9451963198,10.639644117,12.070148111,11.032588673,4.7413793101,12.915851272,13.815261044,-0.22451728773,35.47426627,5.9060780999,10.441193066,7.032967033,12.115384615,9.297099216
2021-01-01,-7.5238095238,-2.9903282236,-10.513104202,-8.7775450513,-12.731958762,2.7577428935,-4.0244343709,-12.890312249,-21.761658031,-22.324324324,-0.67796610183,-2.2303140646,-4.9079754601,-6.0390763766,-9.3749132506,-10.20512532,-15.390946502,-5.2686308493,-5.8221594917,-8.0333033303,-4.5525902669,-2.7956989247,-9.2150170648,-9.6509240246,0.57175528873,-3.3185864502
2021-02-01,-10.066941297,-7.213765718,-4.6925210911,-6.8825329698,-15.887913594,29.06688687,-12.700729926,-10.263480392,18.319395559,19.772831049,39.135381115,-4.2132216015,11.268817204,9.4517958412,-6.2205466541,-9.2857330917,-10.457198443,-18.953530918,-16.672911203,-9.9584046979,8.1249999999,-2.6548672568,-3.7593984962,23.03030303,7.4701534963,-4.3734137035
2021-03-01,5.4680790152,9.0584878744,14.280603447,16.490692326,9.0851100023,26.967370441,8.9464882942,21.713895528,5.7389694541,6.225205981,14.554374488,1.652490887,17.359923478,16.553858298,4.2814968025,9.7369103567,9.3970668115,8.0812641085,8.3633093527,11.956521739,15.302707636,0.72622998523,-1.0156249999,5.2955665025,8.3194452187,5.9967644891
2021-04-01,7.8447339847,-2.2890778286,-3.2144147936,-1.9263487989,-2.6600985222,32.275132275,6.2164236377,-3.2393580896,10.249043781,9.3482825589,9.9214846538,-2.7731293331,9.9272005295,10.812826248,-2.3122429195,-1.3145509753,-10.829862228,-0.23278385361,1.3033063216,4.8093354419,29.788918206,0.13351773468,-3.7884767166,32.046544464,11.278962947,1.937792947
2021-05-01,19.028441983,20.147255689,10.684829959,11.113098531,14.422760776,-4.6285714286,14.461227738,1.9169329071,19.162815983,17.847485127,12.207792207,-0.30868484882,0.25561917828,1.1114058614,8.135499283,7.5382050605,-6.6780821917,15.367965367,13.759525825,-8.5320243105,-7.4521432589,2.7097575714,-0.164068909,-11.513776696,5.2834342323,6.1583426021
2021-06-01,6.1323747092,-4.9025069637,-4.3035143138,-2.7641936823,-3.6020184099,18.93349311,-10.677466863,-7.0532915359,-1.5282846717,-0.71133547508,9.2013888889,-1.6084443328,-10.054678007,-6.6801619434,2.8597785977,0.93141405578,-6.6666666668,13.658536585,9.5273539264,-6.5167390749,-2.0703472842,-4.9773755655,-4.1646720671,-3.8267875126,0.60408750633,0.46422898322
2021-07-01,2.5303845388,-2.5190392503,-3.3041925293,-3.6848925474,-1.5561780268,-3.0226700252,-1.5663643858,3.2040472175,-6.7639564512,-6.2861104692,-1.483836778,-3.1162196679,4.0189125295,3.0368763559,0.17937219727,1.7290582507,-4.9803407602,-9.2109607132,-8.5626911315,-3.0617823947,6.2741532167,-0.99961262868,-1.821335646,7.6963350786,-3.9646799117,-3.9438521546
2021-08-01,16.537116207,2.764423077,-3.3581867998,-4.4617865991,-2.6644342336,14.268398268,13.149078726,11.764705882,-6.5093167702,-6.855733662,25.981710597,1.5730926534,-6.3857752985,-7.4100349342,3.8283282453,2.5086118829,-4.4827586206,7.419462661,7.0584737741,1.8894529047,-23.354275991,6.115020626,10.070671378,-10.11181332,-9.2681132769,-2.4792614235
2021-09-01,-11.955977989,-10.526315789,-10.353819883,-9.9476594594,-4.4320779388,-10.077284437,3.8490007402,6.4327485381,2.3385596598,2.5152237224,-1.2382578992,-0.23968042606,-2.927385901,-2.3579293444,-3.4662045061,-6.4510913499,-5.1985559567,0.82378223487,0.14711290914,6.7533905341,-17.584624211,-1.966613309,-5.2424209001,-7.3254349137,-14.714632688,-6.5683299766
2021-10-01,-26.837121212,11.045751633,-4.725126768,-4.3797318567,-1.3840830449,-8.2237950791,-8.1967213115,-12.113604698,-12.152687613,-12.603305785,-5.1880674449,3.8707955151,-0.73800738019,0.72463768101,-7.989228007,-2.2351970831,-26.275704494,-1.7051509769,0.073448402509,-8.737360643,-20.710059172,7.0738568193,-4.5106382979,-17.803970223,-6.0729275971,-6.7385570796
2021-11-01,1.8675524316,-5.4738081224,0.21614911766,0.14253807203,13.26280545,-8.0976863754,2.0186335403,3.7162162162,-3.5471475021,-5.2895981088,-12.722298221,-0.97661269592,2.6986996156,-1.5662470024,-4.1668561001,-2.7623590316,24.380165289,8.9266353452,7.9999999998,-4.3181818182,-4.4776119402,10.478910369,22.994652406,2.5660377358,-2.3181119956,-1.531641667
2021-12-01,-5.2954719878,-0.23792547463,-3.5165812146,-2.225123816,-8.8960589355,30.111552466,4.0226081486,4.8859934854,2.3904382468,2.9953198129,29.676071055,-0.12111948699,5.6589147287,6.8544600939,-2.5588187725,-6.3157494627,-2.4086378737,14.075488336,8.5953243604,19.299287411,14.843749999,-1.4428856766,-2.9726178522,12.96432794,11.451036454,2.8523545743
2022-01-01,-21.100139994,-2.9182879377,16.242219971,18.802670693,13.206239168,-14.679854242,0.15255530125,13.378561989,5.6270577672,4.4531960011,-18.170829976,5.9619890655,2.1276595744,1.669595782,15.705205953,21.008869047,-1.1914893617,14.885993485,13.708260105,-7.018417123,3.018145854,3.0919277859,0.91254752861,5.3430079155,3.7326834274,6.9842583323
2022-02-01,-11.519944979,1.5364061455,-9.1719804504,-10.671532277,7.8077158605,-2.9286150091,-2.5133282559,-3.4818941504,-1.4735052422,-0.20301624145,-13.343180699,-0.13364082733,-8.5488505748,-10.025929127,-1.6683022572,0.67668625088,-15.159345391,3.1187978451,5.1004636785,10.840471092,-1.7227877838,0.98631239925,2.5621703089,-7.8897933625,14.109063929,0.89031456209
2022-03-01,1.3214146909,1.3157894737,7.2019059233,9.2921582969,1.5178732543,-7.1862560235,20.009757554,9.0909090908,9.2320966349,8.9799476898,-15,8.4524705293,21.857535337,18.797256725,8.4109371957,7.9664549639,5.0761421318,-3.1069562827,-1.6176470587,15.213716493,3.7051792828,7.2457176522,1.9128233485,-5.0305914345,7.5806242037,6.0607852402
2022-04-01,-24.817798236,-5.7142857142,-10.14448605,-10.913192496,-4.2651296831,-5.5520161216,-3.550295858,-1.5873015873,8.5792272632,11.286906489,-5.013368984,-3.0989824237,-9.2177864331,-7.3409461663,-14.325581395,-13.080999987,-11.305586739,2.961997186,-1.0556443536,-4.7254128936,-19.054936612,1.641133699,-2.2480058014,-14.66913406,-12.876569037,-10.102623158
2022-05-01,10.969387755,-2.2727272727,13.344894288,14.136090973,12.193148105,10.641471904,7.6206194359,6.4766519876,4.100790514,3.6861768369,-10.344827586,6.4874255791,6.4417941203,10.02176892,4.125950054,9.6747280668,-13.773796192,9.917350117,10.628075076,2.8070963395,7.1197048313,-3.8613247249,6.824925816,-3.0946065428,3.5058230278,3.2206837916
2022-06-01,-11.999999999,-5.5673009162,-13.740488312,-15.138942212,-8.1668045351,-16.314606742,-9.5348005017,-7.3270013569,9.634551495,12.178717271,-10.204081632,-5.9225512529,-23.380185122,-21.65709598,-12.820512016,-13.28247078,-24.935064935,-8.1779915815,-7.0858283433,-7.885539537,-29.304029304,-7.8158667973,-10.593583543,-21.076642336,-11.19359703,-11.502919923
